<DatazenDashboard Version="1.0.4831.86">
  <DashboardTitle>年度產品類銷售_行動報表</DashboardTitle>
  <DashboardGroup></DashboardGroup>
  <DashboardStyle>Custom</DashboardStyle>
  <DashboardAccent>False</DashboardAccent>
  <Currency>TWD</Currency>
  <FiscalMonthOffset>0</FiscalMonthOffset>
  <FiscalDayOffset>0</FiscalDayOffset>
  <FirstDayOfWeek>Sunday</FirstDayOfWeek>
  <EffectiveDate></EffectiveDate>
  <EnableDataCaching>True</EnableDataCaching>
  <EncryptServerData>False</EncryptServerData>
  <DashboardParameters>
    <DashboardParameter ObjectName="SelectionList" Name="SelectedItem" Kind="String" ObjectDescription="年度：" />
    <DashboardParameter ObjectName="SelectionList" Name="SelectedItems" Kind="String" ObjectDescription="年度：" />
    <DashboardParameter ObjectName="SelectionList2" Name="SelectedItem" Kind="String" ObjectDescription="產品類：" />
    <DashboardParameter ObjectName="SelectionList2" Name="SelectedItems" Kind="String" ObjectDescription="產品類：" />
  </DashboardParameters>
  <Elements>
    <GalleryElement Name="SelectionList" Type="Microsoft.ReportingServices.MobileReportPublisher.Gallery.SelectionList, Microsoft.ReportingServices.MobileReportPublisher.Gallery, Version=1.0.4831.86, Culture=neutral, PublicKeyToken=89845dcd8080cc91" Accent="False" AllowMultiSelect="False" SelectAll="True" SelectAllText="全部" ShowIcons="False" Structure="List" FilterTargets="各年各類各產品營收_銷售.訂單年,訂單年一覽.訂單年">
      <SchemaItem Id="Keys" Input="訂單年一覽.訂單年" AggregationRule="None" Filters="" />
      <SchemaItem Id="Labels" Input="訂單年一覽.訂單年" AggregationRule="None" Filters="" />
      <Title>年度：</Title>
      <SubTitle></SubTitle>
    </GalleryElement>
    <GalleryElement Name="SelectionList2" Type="Microsoft.ReportingServices.MobileReportPublisher.Gallery.SelectionList, Microsoft.ReportingServices.MobileReportPublisher.Gallery, Version=1.0.4831.86, Culture=neutral, PublicKeyToken=89845dcd8080cc91" Accent="False" AllowMultiSelect="False" SelectAll="True" SelectAllText="全部" ShowIcons="False" Structure="List" FilterTargets="產品類一覽.類別名稱,各年各類各產品營收_銷售.類別名稱">
      <SchemaItem Id="Keys" Input="產品類一覽.類別名稱" AggregationRule="None" Filters="" />
      <SchemaItem Id="Labels" Input="產品類一覽.類別名稱" AggregationRule="None" Filters="" />
      <Title>產品類：</Title>
      <SubTitle></SubTitle>
    </GalleryElement>
    <GalleryElement Name="PieChart" Type="Microsoft.ReportingServices.MobileReportPublisher.Gallery.PieChart, Microsoft.ReportingServices.MobileReportPublisher.Gallery, Version=1.0.4831.86, Culture=neutral, PublicKeyToken=89845dcd8080cc91" Accent="False" DisplayMode="ByRows" Visualization="DonutWithTotal" NumberFormat="AbbreviatedDefaultCurrency" ShowLegend="True" AnnotationVisualization="ValueOnChartPercentageOnLegend">
      <SchemaItem Id="XCoordinate" Input="各年各類各產品營收_銷售.類別名稱" AggregationRule="None" Filters="SelectionList,SelectionList2" />
      <SchemaItem Id="MainSeries" Input="各年各類各產品營收_銷售.營收" AggregationRule="Sum" Filters="SelectionList,SelectionList2" />
      <Title>圓形圖 1</Title>
      <SubTitle></SubTitle>
    </GalleryElement>
    <GalleryElement Name="ComparisonTotalsChart" Type="Microsoft.ReportingServices.MobileReportPublisher.Gallery.ComparisonTotalsChart, Microsoft.ReportingServices.MobileReportPublisher.Gallery, Version=1.0.4831.86, Culture=neutral, PublicKeyToken=89845dcd8080cc91" Accent="False" NumberFormat="AbbreviatedDefaultCurrency" DisplayMode="ByRows" Sorting="NumericDescending" ShowPercentageTotals="True" AdjustYRangeToValues="False">
      <SchemaItem Id="XCoordinate" Input="各年各類各產品營收_銷售.產品" AggregationRule="Sum" Filters="SelectionList,SelectionList2" />
      <SchemaItem Id="MainSeries" Input="各年各類各產品營收_銷售.營收" AggregationRule="Sum" Filters="SelectionList,SelectionList2" />
      <SchemaItem Id="CompSeries" Input="各年各類各產品營收_銷售.銷售量" AggregationRule="Sum" Filters="SelectionList,SelectionList2" />
      <Title>營收_VS_銷售量</Title>
      <SubTitle></SubTitle>
    </GalleryElement>
    <GalleryElement Name="SimpleDataGrid3" Type="Microsoft.ReportingServices.MobileReportPublisher.Gallery.SimpleDataGrid, Microsoft.ReportingServices.MobileReportPublisher.Gallery, Version=1.0.4831.86, Culture=neutral, PublicKeyToken=89845dcd8080cc91" Accent="False" AggregateByCategory="False" AggregateByTime="False" RowNumbers="Auto">
      <SchemaItem Id="Data" Input="各年各類各產品營收_銷售" AggregationRule="None" Filters="SelectionList,SelectionList2" />
      <Title>銷售資料</Title>
      <SubTitle></SubTitle>
      <DrillThroughDashboardSchema>
        <TargetUri Uri="http://laptop-0vbsian5/reports/report/SSRS1/%E5%B9%B4%E5%BA%A6%E7%87%9F%E6%94%B6%E9%8A%B7%E9%87%8F?year={{ SelectionList.SelectedItem }}" />
      </DrillThroughDashboardSchema>
      <ColumnDefinitions>
        <GridViewTextColumnDefinition Title="訂單年" ColumnType="Text" IsVisible="True" ValueColumn="訂單年" />
        <GridViewTextColumnDefinition Title="類別名稱" ColumnType="Text" IsVisible="True" ValueColumn="類別名稱" />
        <GridViewTextColumnDefinition Title="產品" ColumnType="Text" IsVisible="True" ValueColumn="產品" />
        <GridViewTextColumnDefinition Title="營收" ColumnType="Number" AggregationType="None" IsVisible="True" ValueColumn="營收" StringFormat="General" />
        <GridViewTextColumnDefinition Title="銷售量" ColumnType="Number" AggregationType="None" IsVisible="True" ValueColumn="銷售量" StringFormat="General" />
      </ColumnDefinitions>
    </GalleryElement>
  </Elements>
  <Layouts>
    <DashboardLayout Name="Master" RowCount="6" ColumnCount="12" CellSpacing="6">
      <ElementPosition Name="SimpleDataGrid3" Row="1" Column="0" RowSpan="5" ColumnSpan="5" />
      <ElementPosition Name="PieChart" Row="3" Column="5" RowSpan="3" ColumnSpan="5" />
      <ElementPosition Name="ComparisonTotalsChart" Row="0" Column="5" RowSpan="3" ColumnSpan="6" />
      <ElementPosition Name="SelectionList" Row="0" Column="0" RowSpan="1" ColumnSpan="2" />
      <ElementPosition Name="SelectionList2" Row="0" Column="2" RowSpan="1" ColumnSpan="2" />
    </DashboardLayout>
    <DashboardLayout Name="TabletPortrait" RowCount="8" ColumnCount="6" CellSpacing="6">
      <ElementPosition Name="SelectionList" Row="0" Column="0" RowSpan="2" ColumnSpan="3" />
      <ElementPosition Name="SelectionList2" Row="0" Column="3" RowSpan="2" ColumnSpan="3" />
      <ElementPosition Name="SimpleDataGrid3" Row="2" Column="0" RowSpan="3" ColumnSpan="6" />
      <ElementPosition Name="ComparisonTotalsChart" Row="5" Column="0" RowSpan="3" ColumnSpan="3" />
      <ElementPosition Name="PieChart" Row="5" Column="3" RowSpan="3" ColumnSpan="3" />
    </DashboardLayout>
    <DashboardLayout Name="Phone" RowCount="6" ColumnCount="4" CellSpacing="6" />
  </Layouts>
</DatazenDashboard>