<mobileReportPackage version="1.0.0.0" xmlns="http://schemas.microsoft.com/sqlserver/reporting/2016/02/mobilereportpackage" xmlns:mrp="http://schemas.microsoft.com/sqlserver/reporting/2016/02/mobilereportpublisher">
  <title>年度產品類銷售_行動報表</title>
  <allowCaching>true</allowCaching>
  <manifest>
    <definition name="Definition" />
    <dataSets>
      <dataSet name="訂單年一覽" type="Shared" mrp:DataSourceType="Shared" mrp:Server="http://laptop-0vbsian5/reports/" mrp:OriginalWorksheet="" mrp:OriginalWorksheetIndex="0" mrp:OriginalPath="" mrp:OriginalUser="">
        <id>89164d20-d12a-4071-b6c7-d96639bcd727</id>
        <path>/共用資料集/訂單年一覽</path>
        <isParameterized>false</isParameterized>
      </dataSet>
      <dataSet name="產品類一覽" type="Shared" mrp:DataSourceType="Shared" mrp:Server="http://laptop-0vbsian5/reports/" mrp:OriginalWorksheet="" mrp:OriginalWorksheetIndex="1" mrp:OriginalPath="" mrp:OriginalUser="">
        <id>8979b9a6-98fa-43f5-99b7-19b3b79fd9d2</id>
        <path>/共用資料集/產品類一覽</path>
        <isParameterized>false</isParameterized>
      </dataSet>
      <dataSet name="各年各類各產品營收_銷售" type="Shared" mrp:DataSourceType="Shared" mrp:Server="http://laptop-0vbsian5/reports/" mrp:OriginalWorksheet="" mrp:OriginalWorksheetIndex="2" mrp:OriginalPath="" mrp:OriginalUser="">
        <id>ba4588b9-0bff-4aa3-b459-688c6548b0e7</id>
        <path>/共用資料集/各年各類各產品營收_銷售</path>
        <isParameterized>false</isParameterized>
      </dataSet>
    </dataSets>
    <resources>
      <resourceGroup name="UniversalBrand" type="Style">
        <resourceItem name="UniversalBrand.colors" key="colors" />
      </resourceGroup>
    </resources>
    <thumbnails>
      <thumbnail name="Landscape" type="Landscape" />
      <thumbnail name="Portrait" type="Portrait" />
    </thumbnails>
  </manifest>
  <contents>
    <item name="Definition">
      <path>definition.xml</path>
      <contentType>application/xml; charset=utf-8</contentType>
    </item>
    <item name="UniversalBrand.colors">
      <path>resources/UniversalBrand.colors.json</path>
      <contentType>application/json; charset=utf-8</contentType>
    </item>
    <item name="Landscape">
      <path>thumbnail.png</path>
      <contentType>image/png</contentType>
    </item>
    <item name="Portrait">
      <path>thumbnail-phone.png</path>
      <contentType>image/png</contentType>
    </item>
  </contents>
</mobileReportPackage>