訂單號碼,客戶編號,員工編號,訂單日期,要貨日期,送貨日期,送貨方式,運費,收貨人,送貨地址,送貨城市,送貨行政區,送貨郵遞區號,送貨國家地區
10248,VINET,5,2002-07-04 00:00:00,2002-08-01 00:00:00,2002-07-16 00:00:00,3,32.38,余小姐,台北市北平東路24號3樓之一,台北市,北平,51100,
10249,TOMSP,6,2002-07-05 00:00:00,2002-08-16 00:00:00,2002-07-10 00:00:00,1,11.61,謝小姐,高雄市中正路一段12號,高雄市,中正,44087,
10250,HANAR,4,2002-07-08 00:00:00,2002-08-05 00:00:00,2002-07-12 00:00:00,2,65.83,謝小姐,高雄市中正路一段12號,高雄市,中正,05454,
10251,VICTE,3,2002-07-08 00:00:00,2002-08-05 00:00:00,2002-07-15 00:00:00,1,41.34,陳先生,台北市北平東路24號,台北市,北平,69004,
10252,SUPRD,4,2002-07-09 00:00:00,2002-08-06 00:00:00,2002-07-11 00:00:00,2,51.3,劉先生,桃園縣富國路42號,桃園縣,富國,16000,
10253,HANAR,3,2002-07-10 00:00:00,2002-07-24 00:00:00,2002-07-16 00:00:00,2,58.17,謝小姐,高雄市中正路一段12號,高雄市,中正,05454,
10254,CHOPS,5,2002-07-11 00:00:00,2002-08-08 00:00:00,2002-07-23 00:00:00,2,22.98,林小姐,屏東市中山路7號,屏東市,中山,30120,
10255,RICSU,9,2002-07-12 00:00:00,2002-08-09 00:00:00,2002-07-15 00:00:00,3,148.33,方先生,新竹市永平路一段1號,新竹市,永平,12040,
10256,WELLI,3,2002-07-15 00:00:00,2002-08-12 00:00:00,2002-07-17 00:00:00,2,13.97,何先生,南投縣南投路5號,南投縣,南投,08737,
10257,HILAA,4,2002-07-16 00:00:00,2002-08-13 00:00:00,2002-07-22 00:00:00,3,81.91,王先生,台北縣中新路11號,台北縣,中新,50220,
10258,ERNSH,1,2002-07-17 00:00:00,2002-08-14 00:00:00,2002-07-23 00:00:00,1,140.51,王先生,台北縣北新路11號,台北縣,北新,80100,
10259,CENTC,4,2002-07-18 00:00:00,2002-08-15 00:00:00,2002-07-25 00:00:00,3,3.25,林小姐,屏東縣永大路4號,屏東縣,永大,05022,
10260,OTTIK,4,2002-07-19 00:00:00,2002-08-16 00:00:00,2002-07-29 00:00:00,1,55.09,徐文彬,新竹市竹北路8號,新竹市,竹北,50739,
10261,QUEDE,4,2002-07-19 00:00:00,2002-08-16 00:00:00,2002-07-30 00:00:00,2,3.05,劉先生,桃園縣富國路42號,桃園縣,富國,02389,
10262,RATTC,8,2002-07-22 00:00:00,2002-08-19 00:00:00,2002-07-25 00:00:00,3,48.29,王先生,台北縣中新路11號,台北縣,中新,87110,
10263,ERNSH,9,2002-07-23 00:00:00,2002-08-20 00:00:00,2002-07-31 00:00:00,3,146.06,王先生,台北縣北新路11號,台北縣,北新,80107,
10264,FOLKO,6,2002-07-24 00:00:00,2002-08-21 00:00:00,2002-08-23 00:00:00,3,3.67,陳先生,台北市北平東路64號,台北市,北平,84467,
10265,BLONP,2,2002-07-25 00:00:00,2002-08-22 00:00:00,2002-08-12 00:00:00,1,55.28,方先生,新竹市永平路一段1號,新竹市,永平,67000,
10266,WARTH,3,2002-07-26 00:00:00,2002-09-06 00:00:00,2002-07-31 00:00:00,3,25.73,成先生,台中市中港路一段78號,台中市,中港,90110,
10267,FRANK,4,2002-07-29 00:00:00,2002-08-26 00:00:00,2002-08-06 00:00:00,1,208.58,余小姐,台北市北平東路42號3樓之一,台北市,北平,80805,
10268,GROSR,8,2002-07-30 00:00:00,2002-08-27 00:00:00,2002-08-02 00:00:00,3,66.29,劉先生,台中市仁愛路二段120號,台中市,仁愛,10810,
10269,WHITC,5,2002-07-31 00:00:00,2002-08-14 00:00:00,2002-08-09 00:00:00,1,4.56,黎先生,屏東縣永大路4號,屏東縣,永大,98124,
10270,WARTH,1,2002-08-01 00:00:00,2002-08-29 00:00:00,2002-08-02 00:00:00,1,136.54,成先生,台中市中港路一段78號,台中市,中港,90110,
10271,SPLIR,6,2002-08-01 00:00:00,2002-08-29 00:00:00,2002-08-30 00:00:00,2,4.54,唐小姐,屏東市中山路7號,屏東市,中山,82520,
10272,RATTC,6,2002-08-02 00:00:00,2002-08-30 00:00:00,2002-08-06 00:00:00,2,98.03,王先生,台北縣中新路11號,台北縣,中新,87110,
10273,QUICK,3,2002-08-05 00:00:00,2002-09-02 00:00:00,2002-08-12 00:00:00,3,76.07,劉先生,台中市仁愛路二段120號,台中市,仁愛,01307,
10274,VINET,6,2002-08-06 00:00:00,2002-09-03 00:00:00,2002-08-16 00:00:00,1,6.01,余小姐,台北市北平東路24號3樓之一,台北市,北平,51100,
10275,MAGAA,1,2002-08-07 00:00:00,2002-09-04 00:00:00,2002-08-09 00:00:00,1,26.93,王炫皓,高雄市中正路一段12號,高雄市,中正,24100,
10276,TORTU,8,2002-08-08 00:00:00,2002-08-22 00:00:00,2002-08-14 00:00:00,3,13.84,王先生,台北縣中新路11號,台北縣,中新,05033,
10277,MORGK,2,2002-08-09 00:00:00,2002-09-06 00:00:00,2002-08-13 00:00:00,3,125.77,方建文,宜蘭市經國路55號,宜蘭市,經國,04179,
10278,BERGS,8,2002-08-12 00:00:00,2002-09-09 00:00:00,2002-08-16 00:00:00,2,92.69,李先生,花蓮市花蓮路98號,花蓮市,花蓮,12958,
10279,LEHMS,8,2002-08-13 00:00:00,2002-09-10 00:00:00,2002-08-16 00:00:00,2,25.83,黎先生,屏東縣永大路4號,屏東縣,永大,60528,
10280,BERGS,2,2002-08-14 00:00:00,2002-09-11 00:00:00,2002-09-12 00:00:00,1,8.98,李先生,花蓮市花蓮路98號,花蓮市,花蓮,12958,
10281,ROMEY,4,2002-08-14 00:00:00,2002-08-28 00:00:00,2002-08-21 00:00:00,1,2.94,陳先生,台北市北平東路24號,台北市,北平,28001,
10282,ROMEY,4,2002-08-15 00:00:00,2002-09-12 00:00:00,2002-08-21 00:00:00,1,12.69,陳先生,台北市北平東路24號,台北市,北平,28001,
10283,LILAS,3,2002-08-16 00:00:00,2002-09-13 00:00:00,2002-08-23 00:00:00,3,84.81,陳玉美,桃園縣富國路77號,桃園縣,富國,35082,
10284,LEHMS,4,2002-08-19 00:00:00,2002-09-16 00:00:00,2002-08-27 00:00:00,1,76.56,黎先生,屏東縣永大路4號,屏東縣,永大,60528,
10285,QUICK,1,2002-08-20 00:00:00,2002-09-17 00:00:00,2002-08-26 00:00:00,2,76.83,劉先生,台中市仁愛路二段120號,台中市,仁愛,01307,
10286,QUICK,8,2002-08-21 00:00:00,2002-09-18 00:00:00,2002-08-30 00:00:00,3,229.24,劉先生,台中市仁愛路二段120號,台中市,仁愛,01307,
10287,RICAR,8,2002-08-22 00:00:00,2002-09-19 00:00:00,2002-08-28 00:00:00,3,12.76,周先生,宜蘭市經國路55號,宜蘭市,經國,02389,
10288,REGGC,4,2002-08-23 00:00:00,2002-09-20 00:00:00,2002-09-03 00:00:00,1,7.45,徐先生,花蓮市花蓮路98號,花蓮市,花蓮,42100,
10289,BSBEV,7,2002-08-26 00:00:00,2002-09-23 00:00:00,2002-08-28 00:00:00,3,22.77,徐先生,台中市中港路一段78號,台中市,中港,12958,
10290,COMMI,8,2002-08-27 00:00:00,2002-09-24 00:00:00,2002-09-03 00:00:00,1,79.7,鍾小姐,桃園縣富國路42號,桃園縣,富國,12958,
10291,QUEDE,6,2002-08-27 00:00:00,2002-09-24 00:00:00,2002-09-04 00:00:00,2,6.4,劉先生,桃園縣富國路42號,桃園縣,富國,12958,
10292,TRADH,1,2002-08-28 00:00:00,2002-09-25 00:00:00,2002-09-02 00:00:00,2,1.35,徐先生,花蓮市花蓮路98號,花蓮市,花蓮,05634,
10293,TORTU,1,2002-08-29 00:00:00,2002-09-26 00:00:00,2002-09-11 00:00:00,3,21.18,王先生,台北縣中新路11號,台北縣,中新,05033,
10294,RATTC,4,2002-08-30 00:00:00,2002-09-27 00:00:00,2002-09-05 00:00:00,2,147.26,王先生,台北縣中新路11號,台北縣,中新,87110,
10295,VINET,2,2002-09-02 00:00:00,2002-09-30 00:00:00,2002-09-10 00:00:00,2,1.15,余小姐,台北市北平東路24號3樓之一,台北市,北平,51100,
10296,LILAS,6,2002-09-03 00:00:00,2002-10-01 00:00:00,2002-09-11 00:00:00,1,0.12,陳玉美,桃園縣富國路77號,桃園縣,富國,35084,
10297,BLONP,5,2002-09-04 00:00:00,2002-10-16 00:00:00,2002-09-10 00:00:00,2,5.74,方先生,新竹市永平路一段1號,新竹市,永平,67000,
10298,HUNGO,6,2002-09-05 00:00:00,2002-10-03 00:00:00,2002-09-11 00:00:00,2,168.22,周先生,宜蘭市經國路55號,宜蘭市,經國,12958,
10299,RICAR,4,2002-09-06 00:00:00,2002-10-04 00:00:00,2002-09-13 00:00:00,2,29.76,周先生,宜蘭市經國路55號,宜蘭市,經國,02389,
10300,MAGAA,2,2002-09-09 00:00:00,2002-10-07 00:00:00,2002-09-18 00:00:00,2,17.68,王炫皓,高雄市中正路一段12號,高雄市,中正,24100,
10301,WANDK,8,2002-09-09 00:00:00,2002-10-07 00:00:00,2002-09-17 00:00:00,2,45.08,蘇先生,新竹市竹北路8號,新竹市,竹北,70563,
10302,SUPRD,4,2002-09-10 00:00:00,2002-10-08 00:00:00,2002-10-09 00:00:00,2,6.27,劉先生,桃園縣富國路42號,桃園縣,富國,12958,
10303,GODOS,7,2002-09-11 00:00:00,2002-10-09 00:00:00,2002-09-18 00:00:00,2,107.83,鍾小姐,屏東市中山路7號,屏東市,中山,41101,
10304,TORTU,1,2002-09-12 00:00:00,2002-10-10 00:00:00,2002-09-17 00:00:00,2,63.79,王先生,台北縣中新路11號,台北縣,中新,05033,
10305,OLDWO,8,2002-09-13 00:00:00,2002-10-11 00:00:00,2002-10-09 00:00:00,3,257.62,王俊元,台北市北平東路24號3樓之一,台北市,北平,99508,
10306,ROMEY,1,2002-09-16 00:00:00,2002-10-14 00:00:00,2002-09-23 00:00:00,3,7.56,陳先生,台北市北平東路24號,台北市,北平,28001,
10307,LONEP,2,2002-09-17 00:00:00,2002-10-15 00:00:00,2002-09-25 00:00:00,2,0.56,胡繼堯,台中市仁愛路二段120號,台中市,仁愛,97219,
10308,XXYYZ,7,2002-09-18 00:00:00,2002-10-16 00:00:00,2002-09-24 00:00:00,3,1.61,黃小姐,台中市仁愛路二段120號,台中市,仁愛,05021,
10309,HUNGO,3,2002-09-19 00:00:00,2002-10-17 00:00:00,2002-10-23 00:00:00,1,47.3,周先生,宜蘭市經國路55號,宜蘭市,經國,12958,
10310,THEBI,8,2002-09-20 00:00:00,2002-10-18 00:00:00,2002-09-27 00:00:00,2,17.52,方先生,台北市忠孝東路四段32號,台北市,忠孝,97201,
10311,DUMON,1,2002-09-20 00:00:00,2002-10-04 00:00:00,2002-09-26 00:00:00,3,24.69,劉先生,台中市仁愛路四段180號,台中市,仁愛,44000,
10312,WANDK,2,2002-09-23 00:00:00,2002-10-21 00:00:00,2002-10-03 00:00:00,2,40.26,蘇先生,新竹市竹北路8號,新竹市,竹北,70563,
10313,QUICK,2,2002-09-24 00:00:00,2002-10-22 00:00:00,2002-10-04 00:00:00,2,1.96,劉先生,台中市仁愛路二段120號,台中市,仁愛,01307,
10314,RATTC,1,2002-09-25 00:00:00,2002-10-23 00:00:00,2002-10-04 00:00:00,2,74.16,王先生,台北縣中新路11號,台北縣,中新,87110,
10315,ISLAT,4,2002-09-26 00:00:00,2002-10-24 00:00:00,2002-10-03 00:00:00,2,41.76,方先生,新竹市永平路一段1號,新竹市,永平,12958,
10316,RATTC,1,2002-09-27 00:00:00,2002-10-25 00:00:00,2002-10-08 00:00:00,3,150.15,王先生,台北縣中新路11號,台北縣,中新,87110,
10317,LONEP,6,2002-09-30 00:00:00,2002-10-28 00:00:00,2002-10-10 00:00:00,1,12.69,胡繼堯,台中市仁愛路二段120號,台中市,仁愛,97219,
10318,ISLAT,8,2002-10-01 00:00:00,2002-10-29 00:00:00,2002-10-04 00:00:00,2,4.73,方先生,新竹市永平路一段1號,新竹市,永平,12958,
10319,TORTU,7,2002-10-02 00:00:00,2002-10-30 00:00:00,2002-10-11 00:00:00,3,64.5,王先生,台北縣中新路11號,台北縣,中新,05033,
10320,WARTH,5,2002-10-03 00:00:00,2002-10-17 00:00:00,2002-10-18 00:00:00,3,34.57,成先生,台中市中港路一段78號,台中市,中港,90110,
10321,ISLAT,3,2002-10-03 00:00:00,2002-10-31 00:00:00,2002-10-11 00:00:00,2,3.43,方先生,新竹市永平路一段1號,新竹市,永平,12958,
10322,PERIC,7,2002-10-04 00:00:00,2002-11-01 00:00:00,2002-10-23 00:00:00,3,0.4,林慧音,南投縣南投路5號,南投縣,南投,05033,
10323,KOENE,4,2002-10-07 00:00:00,2002-11-04 00:00:00,2002-10-14 00:00:00,1,4.88,陳先生,台北市北平東路24號,台北市,北平,14776,
10324,SAVEA,9,2002-10-08 00:00:00,2002-11-05 00:00:00,2002-10-10 00:00:00,1,214.27,蘇先生,新竹市竹北路8號,新竹市,竹北,83720,
10325,KOENE,1,2002-10-09 00:00:00,2002-10-23 00:00:00,2002-10-14 00:00:00,3,64.86,陳先生,台北市北平東路24號,台北市,北平,14776,
10326,BOLID,4,2002-10-10 00:00:00,2002-11-07 00:00:00,2002-10-14 00:00:00,2,77.92,劉先生,台北市北平東路24號,台北市,北平,28023,
10327,FOLKO,2,2002-10-11 00:00:00,2002-11-08 00:00:00,2002-10-14 00:00:00,1,63.36,陳先生,台北市北平東路64號,台北市,北平,12958,
10328,FURIB,4,2002-10-14 00:00:00,2002-11-11 00:00:00,2002-10-17 00:00:00,3,87.03,林小姐,南投縣南投路5號,南投縣,南投,12958,
10329,SPLIR,4,2002-10-15 00:00:00,2002-11-26 00:00:00,2002-10-23 00:00:00,2,191.67,唐小姐,屏東市中山路7號,屏東市,中山,82520,
10330,LILAS,3,2002-10-16 00:00:00,2002-11-13 00:00:00,2002-10-28 00:00:00,1,12.75,陳玉美,桃園縣富國路77號,桃園縣,富國,35084,
10331,BONAP,9,2002-10-16 00:00:00,2002-11-27 00:00:00,2002-10-21 00:00:00,1,10.19,謝小姐,台北市北平東路24號3樓之一,台北市,北平,13008,
10332,MEREP,3,2002-10-17 00:00:00,2002-11-28 00:00:00,2002-10-21 00:00:00,2,52.84,劉維國,花蓮市花蓮路98號,花蓮市,花蓮,12958,
10333,WARTH,5,2002-10-18 00:00:00,2002-11-15 00:00:00,2002-10-25 00:00:00,3,0.59,成先生,台中市中港路一段78號,台中市,中港,90110,
10334,VICTE,8,2002-10-21 00:00:00,2002-11-18 00:00:00,2002-10-28 00:00:00,2,8.56,陳先生,台北市北平東路24號,台北市,北平,69004,
10335,HUNGO,7,2002-10-22 00:00:00,2002-11-19 00:00:00,2002-10-24 00:00:00,2,42.11,周先生,宜蘭市經國路55號,宜蘭市,經國,12958,
10336,PRINI,7,2002-10-23 00:00:00,2002-11-20 00:00:00,2002-10-25 00:00:00,2,15.51,鍾彩瑜,屏東市中山路7號,屏東市,中山,17563,
10337,FRANK,4,2002-10-24 00:00:00,2002-11-21 00:00:00,2002-10-29 00:00:00,3,108.26,余小姐,台北市北平東路42號3樓之一,台北市,北平,80805,
10338,OLDWO,4,2002-10-25 00:00:00,2002-11-22 00:00:00,2002-10-29 00:00:00,3,84.21,王俊元,台北市北平東路24號3樓之一,台北市,北平,99508,
10339,MEREP,2,2002-10-28 00:00:00,2002-11-25 00:00:00,2002-11-04 00:00:00,2,15.66,劉維國,花蓮市花蓮路98號,花蓮市,花蓮,12958,
10340,BONAP,1,2002-10-29 00:00:00,2002-11-26 00:00:00,2002-11-08 00:00:00,3,166.31,謝小姐,台北市北平東路24號3樓之一,台北市,北平,13008,
10341,SIMOB,7,2002-10-29 00:00:00,2002-11-26 00:00:00,2002-11-05 00:00:00,3,26.78,何先生,南投縣南投路5號,南投縣,南投,17343,
10342,FRANK,4,2002-10-30 00:00:00,2002-11-13 00:00:00,2002-11-04 00:00:00,2,54.83,余小姐,台北市北平東路42號3樓之一,台北市,北平,80805,
10343,LEHMS,4,2002-10-31 00:00:00,2002-11-28 00:00:00,2002-11-06 00:00:00,1,110.37,黎先生,屏東縣永大路4號,屏東縣,永大,60528,
10344,WHITC,4,2002-11-01 00:00:00,2002-11-29 00:00:00,2002-11-05 00:00:00,2,23.29,黎先生,屏東縣永大路4號,屏東縣,永大,98124,
10345,QUICK,2,2002-11-04 00:00:00,2002-12-02 00:00:00,2002-11-11 00:00:00,2,249.06,劉先生,台中市仁愛路二段120號,台中市,仁愛,01307,
10346,RATTC,3,2002-11-05 00:00:00,2002-12-17 00:00:00,2002-11-08 00:00:00,3,142.08,王先生,台北縣中新路11號,台北縣,中新,87110,
10347,FAMIA,4,2002-11-06 00:00:00,2002-12-04 00:00:00,2002-11-08 00:00:00,3,3.1,徐先生,花蓮市花中路15號,花蓮市,花中,05442,
10348,WANDK,4,2002-11-07 00:00:00,2002-12-05 00:00:00,2002-11-15 00:00:00,2,0.78,蘇先生,新竹市竹北路8號,新竹市,竹北,70563,
10349,SPLIR,7,2002-11-08 00:00:00,2002-12-06 00:00:00,2002-11-15 00:00:00,1,8.63,唐小姐,屏東市中山路7號,屏東市,中山,82520,
10350,LAMAI,6,2002-11-11 00:00:00,2002-12-09 00:00:00,2002-12-03 00:00:00,2,64.19,蘇先生,新竹市竹北路8號,新竹市,竹北,31000,
10351,ERNSH,1,2002-11-11 00:00:00,2002-12-09 00:00:00,2002-11-20 00:00:00,1,162.33,王先生,台北縣北新路11號,台北縣,北新,80103,
10352,FURIB,3,2002-11-12 00:00:00,2002-11-26 00:00:00,2002-11-18 00:00:00,3,1.3,林小姐,南投縣南投路5號,南投縣,南投,16753,
10353,PICCO,7,2002-11-13 00:00:00,2002-12-11 00:00:00,2002-11-25 00:00:00,3,360.63,林麗莉,屏東縣永大路4號,屏東縣,永大,50203,
10354,PERIC,8,2002-11-14 00:00:00,2002-12-12 00:00:00,2002-11-20 00:00:00,3,53.8,林慧音,南投縣南投路5號,南投縣,南投,05033,
10355,XXYYZ,6,2002-11-15 00:00:00,2002-12-13 00:00:00,2002-11-20 00:00:00,1,41.95,王先生,台北縣中新路11號,台北縣,中新,12958,
10356,WANDK,6,2002-11-18 00:00:00,2002-12-16 00:00:00,2002-11-27 00:00:00,2,36.71,蘇先生,新竹市竹北路8號,新竹市,竹北,70563,
10357,LILAS,1,2002-11-19 00:00:00,2002-12-17 00:00:00,2002-12-02 00:00:00,3,34.88,陳玉美,桃園縣富國路77號,桃園縣,富國,35085,
10358,LAMAI,5,2002-11-20 00:00:00,2002-12-18 00:00:00,2002-11-27 00:00:00,1,19.64,蘇先生,新竹市竹北路8號,新竹市,竹北,31000,
10359,SEVES,5,2002-11-21 00:00:00,2002-12-19 00:00:00,2002-11-26 00:00:00,3,288.43,成先生,台中市中港路一段78號,台中市,中港,12958,
10360,BLONP,4,2002-11-22 00:00:00,2002-12-20 00:00:00,2002-12-02 00:00:00,3,131.7,方先生,新竹市永平路一段1號,新竹市,永平,67000,
10361,QUICK,1,2002-11-22 00:00:00,2002-12-20 00:00:00,2002-12-03 00:00:00,2,183.17,劉先生,台中市仁愛路二段120號,台中市,仁愛,01307,
10362,BONAP,3,2002-11-25 00:00:00,2002-12-23 00:00:00,2002-11-28 00:00:00,1,96.04,謝小姐,台北市北平東路24號3樓之一,台北市,北平,13008,
10363,DRACD,4,2002-11-26 00:00:00,2002-12-24 00:00:00,2002-12-04 00:00:00,3,30.54,方先生,台北市忠孝東路三段2號,台北市,忠孝,52066,
10364,EASTC,1,2002-11-26 00:00:00,2003-01-07 00:00:00,2002-12-04 00:00:00,1,71.97,謝小姐,高雄市中正路四|段65號,高雄市,中正,12958,
10365,ANTON,3,2002-11-27 00:00:00,2002-12-25 00:00:00,2002-12-02 00:00:00,2,22,胡先生,高雄市中正路一段12號,高雄市,中正,05023,
10366,GALED,8,2002-11-28 00:00:00,2003-01-09 00:00:00,2002-12-30 00:00:00,2,10.14,林小姐,屏東縣永大路4號,屏東縣,永大,80226,
10367,VAFFE,7,2002-11-28 00:00:00,2002-12-26 00:00:00,2002-12-02 00:00:00,3,13.55,方先生,新竹市永平路一段1號,新竹市,永平,82003,
10368,ERNSH,2,2002-11-29 00:00:00,2002-12-27 00:00:00,2002-12-02 00:00:00,2,101.95,王先生,台北縣北新路11號,台北縣,北新,80103,
10369,SPLIR,8,2002-12-02 00:00:00,2002-12-30 00:00:00,2002-12-09 00:00:00,2,195.68,唐小姐,屏東市中山路7號,屏東市,中山,82520,
10370,CHOPS,6,2002-12-03 00:00:00,2002-12-31 00:00:00,2002-12-27 00:00:00,2,1.17,林小姐,屏東市中山路7號,屏東市,中山,30124,
10371,LAMAI,1,2002-12-03 00:00:00,2002-12-31 00:00:00,2002-12-24 00:00:00,1,0.45,蘇先生,新竹市竹北路8號,新竹市,竹北,31000,
10372,QUEEN,5,2002-12-04 00:00:00,2003-01-01 00:00:00,2002-12-09 00:00:00,2,890.78,方先生,台北市忠孝東路四段32號,台北市,忠孝,12958,
10373,HUNGO,4,2002-12-05 00:00:00,2003-01-02 00:00:00,2002-12-11 00:00:00,3,124.12,周先生,宜蘭市經國路55號,宜蘭市,經國,12958,
10374,WOLZA,1,2002-12-05 00:00:00,2003-01-02 00:00:00,2002-12-09 00:00:00,3,3.94,吳小姐,桃園縣富國路42號,桃園縣,富國,10608,
10375,HUNGC,3,2002-12-06 00:00:00,2003-01-03 00:00:00,2002-12-09 00:00:00,2,20.12,徐先生,花蓮市花蓮路98號,花蓮市,花蓮,97827,
10376,MEREP,1,2002-12-09 00:00:00,2003-01-06 00:00:00,2002-12-13 00:00:00,2,20.39,劉維國,花蓮市花蓮路98號,花蓮市,花蓮,12958,
10377,SEVES,1,2002-12-09 00:00:00,2003-01-06 00:00:00,2002-12-13 00:00:00,3,22.21,成先生,台中市中港路一段78號,台中市,中港,12958,
10378,FOLKO,5,2002-12-10 00:00:00,2003-01-07 00:00:00,2002-12-19 00:00:00,3,5.44,陳先生,台北市北平東路64號,台北市,北平,12958,
10379,QUEDE,2,2002-12-11 00:00:00,2003-01-08 00:00:00,2002-12-13 00:00:00,1,45.03,劉先生,桃園縣富國路42號,桃園縣,富國,02389,
10380,HUNGO,8,2002-12-12 00:00:00,2003-01-09 00:00:00,2003-01-16 00:00:00,3,35.03,周先生,宜蘭市經國路55號,宜蘭市,經國,12958,
10381,LILAS,3,2002-12-12 00:00:00,2003-01-09 00:00:00,2002-12-13 00:00:00,3,7.99,陳玉美,桃園縣富國路77號,桃園縣,富國,35084,
10382,ERNSH,4,2002-12-13 00:00:00,2003-01-10 00:00:00,2002-12-16 00:00:00,1,94.77,王先生,台北縣北新路11號,台北縣,北新,80104,
10383,AROUT,8,2002-12-16 00:00:00,2003-01-13 00:00:00,2002-12-18 00:00:00,3,34.24,王先生,台北縣中新路11號,台北縣,中新,12958,
10384,BERGS,3,2002-12-16 00:00:00,2003-01-13 00:00:00,2002-12-20 00:00:00,3,168.64,李先生,花蓮市花蓮路98號,花蓮市,花蓮,12958,
10385,SPLIR,1,2002-12-17 00:00:00,2003-01-14 00:00:00,2002-12-23 00:00:00,2,30.96,唐小姐,屏東市中山路7號,屏東市,中山,82520,
10386,FAMIA,9,2002-12-18 00:00:00,2003-01-01 00:00:00,2002-12-25 00:00:00,3,13.99,徐先生,花蓮市花中路15號,花蓮市,花中,05442,
10387,SANTG,1,2002-12-18 00:00:00,2003-01-15 00:00:00,2002-12-20 00:00:00,2,93.63,余小姐,台北市北平東路24號3樓之一,台北市,北平,41106,
10388,SEVES,2,2002-12-19 00:00:00,2003-01-16 00:00:00,2002-12-20 00:00:00,1,34.86,成先生,台中市中港路一段78號,台中市,中港,12958,
10389,BOTTM,4,2002-12-20 00:00:00,2003-01-17 00:00:00,2002-12-24 00:00:00,2,47.42,王先生,新竹市竹北路8號,新竹市,竹北,12958,
10390,ERNSH,6,2002-12-23 00:00:00,2003-01-20 00:00:00,2002-12-26 00:00:00,1,126.38,王先生,台北縣北新路11號,台北縣,北新,80108,
10391,DRACD,3,2002-12-23 00:00:00,2003-01-20 00:00:00,2002-12-31 00:00:00,3,5.45,方先生,台北市忠孝東路三段2號,台北市,忠孝,52066,
10392,PICCO,2,2002-12-24 00:00:00,2003-01-21 00:00:00,2003-01-01 00:00:00,3,122.46,林麗莉,屏東縣永大路4號,屏東縣,永大,50206,
10393,SAVEA,1,2002-12-25 00:00:00,2003-01-22 00:00:00,2003-01-03 00:00:00,3,126.56,蘇先生,新竹市竹北路8號,新竹市,竹北,83720,
10394,HUNGC,1,2002-12-25 00:00:00,2003-01-22 00:00:00,2003-01-03 00:00:00,3,30.34,徐先生,花蓮市花蓮路98號,花蓮市,花蓮,97827,
10395,HILAA,6,2002-12-26 00:00:00,2003-01-23 00:00:00,2003-01-03 00:00:00,1,184.41,王先生,台北縣中新路11號,台北縣,中新,50224,
10396,FRANK,1,2002-12-27 00:00:00,2003-01-10 00:00:00,2003-01-06 00:00:00,3,135.35,余小姐,台北市北平東路42號3樓之一,台北市,北平,80805,
10397,PRINI,5,2002-12-27 00:00:00,2003-01-24 00:00:00,2003-01-02 00:00:00,1,60.26,鍾彩瑜,屏東市中山路7號,屏東市,中山,17566,
10398,SAVEA,2,2002-12-30 00:00:00,2003-01-27 00:00:00,2003-01-09 00:00:00,3,89.16,蘇先生,新竹市竹北路8號,新竹市,竹北,83720,
10399,VAFFE,8,2002-12-31 00:00:00,2003-01-14 00:00:00,2003-01-08 00:00:00,3,27.36,方先生,新竹市永平路一段1號,新竹市,永平,82005,
10400,EASTC,1,2003-01-01 00:00:00,2003-01-29 00:00:00,2003-01-16 00:00:00,3,83.93,謝小姐,高雄市中正路四|段65號,高雄市,中正,12958,
10401,RATTC,1,2003-01-01 00:00:00,2003-01-29 00:00:00,2003-01-10 00:00:00,1,12.51,王先生,台北縣中新路11號,台北縣,中新,87110,
10402,ERNSH,8,2003-01-02 00:00:00,2003-02-13 00:00:00,2003-01-10 00:00:00,2,67.88,王先生,台北縣北新路11號,台北縣,北新,80109,
10403,ERNSH,4,2003-01-03 00:00:00,2003-01-31 00:00:00,2003-01-09 00:00:00,3,73.79,王先生,台北縣北新路11號,台北縣,北新,80106,
10404,MAGAA,2,2003-01-03 00:00:00,2003-01-31 00:00:00,2003-01-08 00:00:00,1,155.97,王炫皓,高雄市中正路一段12號,高雄市,中正,24100,
10405,LINOD,1,2003-01-06 00:00:00,2003-02-03 00:00:00,2003-01-22 00:00:00,1,34.82,黃雅玲,台北市忠孝東路四段32號,台北市,忠孝,49804,
10406,QUEEN,7,2003-01-07 00:00:00,2003-02-18 00:00:00,2003-01-13 00:00:00,1,108.04,方先生,台北市忠孝東路四段32號,台北市,忠孝,05487,
10407,OTTIK,2,2003-01-07 00:00:00,2003-02-04 00:00:00,2003-01-30 00:00:00,2,91.48,徐文彬,新竹市竹北路8號,新竹市,竹北,50739,
10408,FOLIG,8,2003-01-08 00:00:00,2003-02-05 00:00:00,2003-01-14 00:00:00,1,11.26,方先生,新竹市永平路7號,新竹市,永平,59000,
10409,OCEAN,3,2003-01-09 00:00:00,2003-02-06 00:00:00,2003-01-14 00:00:00,1,29.83,謝麗秋,台北市北平東路24號,台北市,北平,10104,
10410,BOTTM,3,2003-01-10 00:00:00,2003-02-07 00:00:00,2003-01-15 00:00:00,3,2.4,王先生,新竹市竹北路8號,新竹市,竹北,12958,
10411,BOTTM,9,2003-01-10 00:00:00,2003-02-07 00:00:00,2003-01-21 00:00:00,3,23.65,王先生,新竹市竹北路8號,新竹市,竹北,12958,
10412,WARTH,8,2003-01-13 00:00:00,2003-02-10 00:00:00,2003-01-15 00:00:00,2,3.77,成先生,台中市中港路一段78號,台中市,中港,90110,
10413,LAMAI,3,2003-01-14 00:00:00,2003-02-11 00:00:00,2003-01-16 00:00:00,2,95.66,蘇先生,新竹市竹北路8號,新竹市,竹北,31000,
10414,FAMIA,2,2003-01-14 00:00:00,2003-02-11 00:00:00,2003-01-17 00:00:00,3,21.48,徐先生,花蓮市花中路15號,花蓮市,花中,12958,
10415,HUNGC,3,2003-01-15 00:00:00,2003-02-12 00:00:00,2003-01-24 00:00:00,1,0.2,徐先生,花蓮市花蓮路98號,花蓮市,花蓮,97827,
10416,WARTH,8,2003-01-16 00:00:00,2003-02-13 00:00:00,2003-01-27 00:00:00,3,22.72,成先生,台中市中港路一段78號,台中市,中港,90110,
10417,SIMOB,4,2003-01-16 00:00:00,2003-02-13 00:00:00,2003-01-28 00:00:00,3,70.29,何先生,南投縣南投路5號,南投縣,南投,12958,
10418,QUICK,4,2003-01-17 00:00:00,2003-02-14 00:00:00,2003-01-24 00:00:00,1,17.55,劉先生,台中市仁愛路二段120號,台中市,仁愛,01307,
10419,RICSU,4,2003-01-20 00:00:00,2003-02-17 00:00:00,2003-01-30 00:00:00,2,137.35,方先生,新竹市永平路一段1號,新竹市,永平,12958,
10420,WELLI,3,2003-01-21 00:00:00,2003-02-18 00:00:00,2003-01-27 00:00:00,1,44.12,何先生,南投縣南投路5號,南投縣,南投,12958,
10421,QUEDE,8,2003-01-21 00:00:00,2003-03-04 00:00:00,2003-01-27 00:00:00,1,99.23,劉先生,桃園縣富國路42號,桃園縣,富國,12958,
10422,FRANS,2,2003-01-22 00:00:00,2003-02-19 00:00:00,2003-01-31 00:00:00,1,3.02,成先生,台中市中港路一段78號,台中市,中港,10100,
10423,GOURL,6,2003-01-23 00:00:00,2003-02-06 00:00:00,2003-02-24 00:00:00,3,24.5,劉先生,桃園縣富國路42號,桃園縣,富國,12958,
10424,MEREP,7,2003-01-23 00:00:00,2003-02-20 00:00:00,2003-01-27 00:00:00,2,370.61,劉維國,花蓮市花蓮路98號,花蓮市,花蓮,12958,
10425,LAMAI,6,2003-01-24 00:00:00,2003-02-21 00:00:00,2003-02-14 00:00:00,2,7.93,蘇先生,新竹市竹北路8號,新竹市,竹北,31000,
10426,GALED,4,2003-01-27 00:00:00,2003-02-24 00:00:00,2003-02-06 00:00:00,1,18.69,林小姐,屏東縣永大路4號,屏東縣,永大,12958,
10427,PICCO,4,2003-01-27 00:00:00,2003-02-24 00:00:00,2003-03-03 00:00:00,2,31.29,林麗莉,屏東縣永大路4號,屏東縣,永大,12958,
10428,REGGC,7,2003-01-28 00:00:00,2003-02-25 00:00:00,2003-02-04 00:00:00,1,11.09,徐先生,花蓮市花蓮路98號,花蓮市,花蓮,42100,
10429,HUNGO,3,2003-01-29 00:00:00,2003-03-12 00:00:00,2003-02-07 00:00:00,2,56.63,周先生,宜蘭市經國路55號,宜蘭市,經國,12958,
10430,ERNSH,4,2003-01-30 00:00:00,2003-02-13 00:00:00,2003-02-03 00:00:00,1,458.78,王先生,台北縣北新路11號,台北縣,北新,12958,
10431,BOTTM,4,2003-01-30 00:00:00,2003-02-13 00:00:00,2003-02-07 00:00:00,2,44.17,王先生,新竹市竹北路8號,新竹市,竹北,12958,
10432,SPLIR,3,2003-01-31 00:00:00,2003-02-14 00:00:00,2003-02-07 00:00:00,2,4.34,唐小姐,屏東市中山路7號,屏東市,中山,82520,
10433,PRINI,3,2003-02-03 00:00:00,2003-03-03 00:00:00,2003-03-04 00:00:00,3,73.83,鍾彩瑜,屏東市中山路7號,屏東市,中山,12958,
10434,FOLKO,3,2003-02-03 00:00:00,2003-03-03 00:00:00,2003-02-13 00:00:00,2,17.92,陳先生,台北市北平東路64號,台北市,北平,12958,
10435,CONSH,8,2003-02-04 00:00:00,2003-03-18 00:00:00,2003-02-07 00:00:00,2,9.21,劉先生,苗栗縣中正路二段二樓,苗栗縣,中正,12958,
10436,BLONP,3,2003-02-05 00:00:00,2003-03-05 00:00:00,2003-02-11 00:00:00,2,156.66,方先生,新竹市永平路一段1號,新竹市,永平,67000,
10437,WARTH,8,2003-02-05 00:00:00,2003-03-05 00:00:00,2003-02-12 00:00:00,1,19.97,成先生,台中市中港路一段78號,台中市,中港,90110,
10438,TOMSP,3,2003-02-06 00:00:00,2003-03-06 00:00:00,2003-02-14 00:00:00,2,8.24,謝小姐,高雄市中正路一段12號,高雄市,中正,44087,
10439,MEREP,6,2003-02-07 00:00:00,2003-03-07 00:00:00,2003-02-10 00:00:00,3,4.07,劉維國,花蓮市花蓮路98號,花蓮市,花蓮,12958,
10440,SAVEA,4,2003-02-10 00:00:00,2003-03-10 00:00:00,2003-02-28 00:00:00,2,86.53,蘇先生,新竹市竹北路8號,新竹市,竹北,83720,
10441,OLDWO,3,2003-02-10 00:00:00,2003-03-24 00:00:00,2003-03-14 00:00:00,2,73.02,王俊元,台北市北平東路24號3樓之一,台北市,北平,99508,
10442,ERNSH,3,2003-02-11 00:00:00,2003-03-11 00:00:00,2003-02-18 00:00:00,2,47.94,王先生,台北縣北新路11號,台北縣,北新,12958,
10443,REGGC,8,2003-02-12 00:00:00,2003-03-12 00:00:00,2003-02-14 00:00:00,1,13.95,徐先生,花蓮市花蓮路98號,花蓮市,花蓮,42100,
10444,BERGS,3,2003-02-12 00:00:00,2003-03-12 00:00:00,2003-02-21 00:00:00,3,3.5,李先生,花蓮市花蓮路98號,花蓮市,花蓮,12958,
10445,BERGS,3,2003-02-13 00:00:00,2003-03-13 00:00:00,2003-02-20 00:00:00,1,9.3,李先生,花蓮市花蓮路98號,花蓮市,花蓮,12958,
10446,TOMSP,6,2003-02-14 00:00:00,2003-03-14 00:00:00,2003-02-19 00:00:00,1,14.68,謝小姐,高雄市中正路一段12號,高雄市,中正,44087,
10447,RICAR,4,2003-02-14 00:00:00,2003-03-14 00:00:00,2003-03-07 00:00:00,2,68.66,周先生,宜蘭市經國路55號,宜蘭市,經國,12958,
10448,RANCH,4,2003-02-17 00:00:00,2003-03-17 00:00:00,2003-02-24 00:00:00,2,38.82,謝小姐,高雄市中正路一段12號,高雄市,中正,12958,
10449,BLONP,3,2003-02-18 00:00:00,2003-03-18 00:00:00,2003-02-27 00:00:00,2,53.3,方先生,新竹市永平路一段1號,新竹市,永平,67000,
10450,VICTE,8,2003-02-19 00:00:00,2003-03-19 00:00:00,2003-03-11 00:00:00,2,7.23,陳先生,台北市北平東路24號,台北市,北平,69004,
10451,QUICK,4,2003-02-19 00:00:00,2003-03-05 00:00:00,2003-03-12 00:00:00,3,189.09,劉先生,台中市仁愛路二段120號,台中市,仁愛,01307,
10452,SAVEA,8,2003-02-20 00:00:00,2003-03-20 00:00:00,2003-02-26 00:00:00,1,140.26,蘇先生,新竹市竹北路8號,新竹市,竹北,83720,
10453,AROUT,1,2003-02-21 00:00:00,2003-03-21 00:00:00,2003-02-26 00:00:00,2,25.36,王先生,台北縣中新路11號,台北縣,中新,12958,
10454,LAMAI,4,2003-02-21 00:00:00,2003-03-21 00:00:00,2003-02-25 00:00:00,3,2.74,蘇先生,新竹市竹北路8號,新竹市,竹北,31000,
10455,WARTH,8,2003-02-24 00:00:00,2003-04-07 00:00:00,2003-03-03 00:00:00,2,180.45,成先生,台中市中港路一段78號,台中市,中港,90110,
10456,KOENE,8,2003-02-25 00:00:00,2003-04-08 00:00:00,2003-02-28 00:00:00,2,8.12,陳先生,台北市北平東路24號,台北市,北平,14776,
10457,KOENE,2,2003-02-25 00:00:00,2003-03-25 00:00:00,2003-03-03 00:00:00,1,11.57,陳先生,台北市北平東路24號,台北市,北平,14776,
10458,SUPRD,7,2003-02-26 00:00:00,2003-03-26 00:00:00,2003-03-04 00:00:00,3,147.06,劉先生,桃園縣富國路42號,桃園縣,富國,12958,
10459,VICTE,4,2003-02-27 00:00:00,2003-03-27 00:00:00,2003-02-28 00:00:00,2,25.09,陳先生,台北市北平東路24號,台北市,北平,69004,
10460,FOLKO,8,2003-02-28 00:00:00,2003-03-28 00:00:00,2003-03-03 00:00:00,1,16.27,陳先生,台北市北平東路64號,台北市,北平,12958,
10461,LILAS,1,2003-02-28 00:00:00,2003-03-28 00:00:00,2003-03-05 00:00:00,3,148.61,陳玉美,桃園縣富國路77號,桃園縣,富國,12958,
10462,CONSH,2,2003-03-03 00:00:00,2003-03-31 00:00:00,2003-03-18 00:00:00,1,6.17,劉先生,苗栗縣中正路二段二樓,苗栗縣,中正,12958,
10463,SUPRD,5,2003-03-04 00:00:00,2003-04-01 00:00:00,2003-03-06 00:00:00,3,14.78,劉先生,桃園縣富國路42號,桃園縣,富國,12958,
10464,FURIB,4,2003-03-04 00:00:00,2003-04-01 00:00:00,2003-03-14 00:00:00,2,89,林小姐,南投縣南投路5號,南投縣,南投,12958,
10465,VAFFE,1,2003-03-05 00:00:00,2003-04-02 00:00:00,2003-03-14 00:00:00,3,145.04,方先生,新竹市永平路一段1號,新竹市,永平,12958,
10466,COMMI,4,2003-03-06 00:00:00,2003-04-03 00:00:00,2003-03-13 00:00:00,1,11.93,鍾小姐,桃園縣富國路42號,桃園縣,富國,12958,
10467,MAGAA,8,2003-03-06 00:00:00,2003-04-03 00:00:00,2003-03-11 00:00:00,2,4.93,王炫皓,高雄市中正路一段12號,高雄市,中正,24100,
10468,KOENE,3,2003-03-07 00:00:00,2003-04-04 00:00:00,2003-03-12 00:00:00,3,44.12,陳先生,台北市北平東路24號,台北市,北平,14776,
10469,WHITC,1,2003-03-10 00:00:00,2003-04-07 00:00:00,2003-03-14 00:00:00,1,60.18,黎先生,屏東縣永大路4號,屏東縣,永大,98124,
10470,BONAP,4,2003-03-11 00:00:00,2003-04-08 00:00:00,2003-03-14 00:00:00,2,64.56,謝小姐,台北市北平東路24號3樓之一,台北市,北平,13008,
10471,BSBEV,2,2003-03-11 00:00:00,2003-04-08 00:00:00,2003-03-18 00:00:00,3,45.59,徐先生,台中市中港路一段78號,台中市,中港,12958,
10472,SEVES,8,2003-03-12 00:00:00,2003-04-09 00:00:00,2003-03-19 00:00:00,1,4.2,成先生,台中市中港路一段78號,台中市,中港,12958,
10473,ISLAT,1,2003-03-13 00:00:00,2003-03-27 00:00:00,2003-03-21 00:00:00,3,16.37,方先生,新竹市永平路一段1號,新竹市,永平,12958,
10474,PERIC,5,2003-03-13 00:00:00,2003-04-10 00:00:00,2003-03-21 00:00:00,2,83.49,林慧音,南投縣南投路5號,南投縣,南投,05033,
10475,SUPRD,9,2003-03-14 00:00:00,2003-04-11 00:00:00,2003-04-04 00:00:00,1,68.52,劉先生,桃園縣富國路42號,桃園縣,富國,12958,
10476,HILAA,8,2003-03-17 00:00:00,2003-04-14 00:00:00,2003-03-24 00:00:00,3,4.41,王先生,台北縣中新路11號,台北縣,中新,12958,
10477,PRINI,5,2003-03-17 00:00:00,2003-04-14 00:00:00,2003-03-25 00:00:00,2,13.02,鍾彩瑜,屏東市中山路7號,屏東市,中山,12958,
10478,VICTE,2,2003-03-18 00:00:00,2003-04-01 00:00:00,2003-03-26 00:00:00,3,4.81,陳先生,台北市北平東路24號,台北市,北平,69004,
10479,RATTC,3,2003-03-19 00:00:00,2003-04-16 00:00:00,2003-03-21 00:00:00,3,708.95,王先生,台北縣中新路11號,台北縣,中新,87110,
10480,FOLIG,6,2003-03-20 00:00:00,2003-04-17 00:00:00,2003-03-24 00:00:00,2,1.35,方先生,新竹市永平路7號,新竹市,永平,59000,
10481,RICAR,8,2003-03-20 00:00:00,2003-04-17 00:00:00,2003-03-25 00:00:00,2,64.33,周先生,宜蘭市經國路55號,宜蘭市,經國,12958,
10482,LAZYK,1,2003-03-21 00:00:00,2003-04-18 00:00:00,2003-04-10 00:00:00,3,7.48,何先生,南投縣南投路5號,南投縣,南投,99362,
10483,WHITC,7,2003-03-24 00:00:00,2003-04-21 00:00:00,2003-04-25 00:00:00,2,15.28,黎先生,屏東縣永大路4號,屏東縣,永大,98124,
10484,BSBEV,3,2003-03-24 00:00:00,2003-04-21 00:00:00,2003-04-01 00:00:00,3,6.88,徐先生,台中市中港路一段78號,台中市,中港,12958,
10485,LINOD,4,2003-03-25 00:00:00,2003-04-08 00:00:00,2003-03-31 00:00:00,2,64.45,黃雅玲,台北市忠孝東路四段32號,台北市,忠孝,12958,
10486,HILAA,1,2003-03-26 00:00:00,2003-04-23 00:00:00,2003-04-02 00:00:00,2,30.53,王先生,台北縣中新路11號,台北縣,中新,12958,
10487,QUEEN,2,2003-03-26 00:00:00,2003-04-23 00:00:00,2003-03-28 00:00:00,2,71.07,方先生,台北市忠孝東路四段32號,台北市,忠孝,12958,
10488,FRANK,8,2003-03-27 00:00:00,2003-04-24 00:00:00,2003-04-02 00:00:00,2,4.93,余小姐,台北市北平東路42號3樓之一,台北市,北平,80805,
10489,PICCO,6,2003-03-28 00:00:00,2003-04-25 00:00:00,2003-04-09 00:00:00,2,5.29,林麗莉,屏東縣永大路4號,屏東縣,永大,12958,
10490,HILAA,7,2003-03-31 00:00:00,2003-04-28 00:00:00,2003-04-03 00:00:00,2,210.19,王先生,台北縣中新路11號,台北縣,中新,12958,
10491,FURIB,8,2003-03-31 00:00:00,2003-04-28 00:00:00,2003-04-08 00:00:00,3,16.96,林小姐,南投縣南投路5號,南投縣,南投,12958,
10492,BOTTM,3,2003-04-01 00:00:00,2003-04-29 00:00:00,2003-04-11 00:00:00,1,62.89,王先生,新竹市竹北路8號,新竹市,竹北,12958,
10493,LAMAI,4,2003-04-02 00:00:00,2003-04-30 00:00:00,2003-04-10 00:00:00,3,10.64,蘇先生,新竹市竹北路8號,新竹市,竹北,31000,
10494,COMMI,4,2003-04-02 00:00:00,2003-04-30 00:00:00,2003-04-09 00:00:00,2,65.99,鍾小姐,桃園縣富國路42號,桃園縣,富國,12958,
10495,LAUGB,3,2003-04-03 00:00:00,2003-05-01 00:00:00,2003-04-11 00:00:00,3,4.65,成先生,台中市中港路一段78號,台中市,中港,12958,
10496,TRADH,7,2003-04-04 00:00:00,2003-05-02 00:00:00,2003-04-07 00:00:00,2,46.77,徐先生,花蓮市花蓮路98號,花蓮市,花蓮,12958,
10497,LEHMS,7,2003-04-04 00:00:00,2003-05-02 00:00:00,2003-04-07 00:00:00,1,36.21,黎先生,屏東縣永大路4號,屏東縣,永大,60528,
10498,HILAA,8,2003-04-07 00:00:00,2003-05-05 00:00:00,2003-04-11 00:00:00,2,29.75,王先生,台北縣中新路11號,台北縣,中新,12958,
10499,LILAS,4,2003-04-08 00:00:00,2003-05-06 00:00:00,2003-04-16 00:00:00,2,102.02,陳玉美,桃園縣富國路77號,桃園縣,富國,12958,
10500,LAMAI,6,2003-04-09 00:00:00,2003-05-07 00:00:00,2003-04-17 00:00:00,1,42.68,蘇先生,新竹市竹北路8號,新竹市,竹北,31000,
10501,BLAUS,9,2003-04-09 00:00:00,2003-05-07 00:00:00,2003-04-16 00:00:00,3,8.85,劉先生,宜蘭市經國路55號,宜蘭市,經國,68306,
10502,PERIC,2,2003-04-10 00:00:00,2003-05-08 00:00:00,2003-04-29 00:00:00,1,69.32,林慧音,南投縣南投路5號,南投縣,南投,05033,
10503,HUNGO,6,2003-04-11 00:00:00,2003-05-09 00:00:00,2003-04-16 00:00:00,2,16.74,周先生,宜蘭市經國路55號,宜蘭市,經國,12958,
10504,WHITC,4,2003-04-11 00:00:00,2003-05-09 00:00:00,2003-04-18 00:00:00,3,59.13,黎先生,屏東縣永大路4號,屏東縣,永大,98124,
10505,MEREP,3,2003-04-14 00:00:00,2003-05-12 00:00:00,2003-04-21 00:00:00,3,7.13,劉維國,花蓮市花蓮路98號,花蓮市,花蓮,12958,
10506,KOENE,9,2003-04-15 00:00:00,2003-05-13 00:00:00,2003-05-02 00:00:00,2,21.19,陳先生,台北市北平東路24號,台北市,北平,14776,
10507,ANTON,7,2003-04-15 00:00:00,2003-05-13 00:00:00,2003-04-22 00:00:00,1,47.45,胡先生,高雄市中正路一段12號,高雄市,中正,05023,
10508,OTTIK,1,2003-04-16 00:00:00,2003-05-14 00:00:00,2003-05-13 00:00:00,2,4.99,徐文彬,新竹市竹北路8號,新竹市,竹北,50739,
10509,BLAUS,4,2003-04-17 00:00:00,2003-05-15 00:00:00,2003-04-29 00:00:00,1,0.15,劉先生,宜蘭市經國路55號,宜蘭市,經國,68306,
10510,SAVEA,6,2003-04-18 00:00:00,2003-05-16 00:00:00,2003-04-28 00:00:00,3,367.63,蘇先生,新竹市竹北路8號,新竹市,竹北,83720,
10511,BONAP,4,2003-04-18 00:00:00,2003-05-16 00:00:00,2003-04-21 00:00:00,3,350.64,謝小姐,台北市北平東路24號3樓之一,台北市,北平,13008,
10512,FAMIA,7,2003-04-21 00:00:00,2003-05-19 00:00:00,2003-04-24 00:00:00,2,3.53,徐先生,花蓮市花中路15號,花蓮市,花中,12958,
10513,WANDK,7,2003-04-22 00:00:00,2003-06-03 00:00:00,2003-04-28 00:00:00,1,105.65,蘇先生,新竹市竹北路8號,新竹市,竹北,70563,
10514,ERNSH,3,2003-04-22 00:00:00,2003-05-20 00:00:00,2003-05-16 00:00:00,2,789.95,王先生,台北縣北新路11號,台北縣,北新,12958,
10515,QUICK,2,2003-04-23 00:00:00,2003-05-07 00:00:00,2003-05-23 00:00:00,1,204.47,劉先生,台中市仁愛路二段120號,台中市,仁愛,01307,
10516,HUNGO,2,2003-04-24 00:00:00,2003-05-22 00:00:00,2003-05-01 00:00:00,3,62.78,周先生,宜蘭市經國路55號,宜蘭市,經國,12958,
10517,NORTS,3,2003-04-24 00:00:00,2003-05-22 00:00:00,2003-04-29 00:00:00,3,32.07,劉小龍,新竹市永平路一段1號,新竹市,永平,12958,
10518,TORTU,4,2003-04-25 00:00:00,2003-05-09 00:00:00,2003-05-05 00:00:00,2,218.15,王先生,台北縣中新路11號,台北縣,中新,05033,
10519,CHOPS,6,2003-04-28 00:00:00,2003-05-26 00:00:00,2003-05-01 00:00:00,3,91.76,林小姐,屏東市中山路7號,屏東市,中山,12958,
10520,SANTG,7,2003-04-29 00:00:00,2003-05-27 00:00:00,2003-05-01 00:00:00,1,13.37,余小姐,台北市北平東路24號3樓之一,台北市,北平,12958,
10521,CACTU,8,2003-04-29 00:00:00,2003-05-27 00:00:00,2003-05-02 00:00:00,2,17.22,李先生,南投縣南投路5號,南投縣,南投,12958,
10522,LEHMS,4,2003-04-30 00:00:00,2003-05-28 00:00:00,2003-05-06 00:00:00,1,45.33,黎先生,屏東縣永大路4號,屏東縣,永大,60528,
10523,SEVES,7,2003-05-01 00:00:00,2003-05-29 00:00:00,2003-05-30 00:00:00,2,77.63,成先生,台中市中港路一段78號,台中市,中港,12958,
10524,BERGS,1,2003-05-01 00:00:00,2003-05-29 00:00:00,2003-05-07 00:00:00,2,244.79,李先生,花蓮市花蓮路98號,花蓮市,花蓮,12958,
10525,BONAP,1,2003-05-02 00:00:00,2003-05-30 00:00:00,2003-05-23 00:00:00,2,11.06,謝小姐,台北市北平東路24號3樓之一,台北市,北平,13008,
10526,WARTH,4,2003-05-05 00:00:00,2003-06-02 00:00:00,2003-05-15 00:00:00,2,58.59,成先生,台中市中港路一段78號,台中市,中港,90110,
10527,QUICK,7,2003-05-05 00:00:00,2003-06-02 00:00:00,2003-05-07 00:00:00,1,41.9,劉先生,台中市仁愛路二段120號,台中市,仁愛,01307,
10528,GREAL,6,2003-05-06 00:00:00,2003-05-20 00:00:00,2003-05-09 00:00:00,2,3.35,方先生,台北市忠孝東路四段32號,台北市,忠孝,97403,
10529,MAISD,5,2003-05-07 00:00:00,2003-06-04 00:00:00,2003-05-09 00:00:00,2,66.69,李柏麟,台北縣中新路11號,台北縣,中新,12958,
10530,PICCO,3,2003-05-08 00:00:00,2003-06-05 00:00:00,2003-05-12 00:00:00,2,339.22,林麗莉,屏東縣永大路4號,屏東縣,永大,12958,
10531,OCEAN,7,2003-05-08 00:00:00,2003-06-05 00:00:00,2003-05-19 00:00:00,1,8.12,謝麗秋,台北市北平東路24號,台北市,北平,12958,
10532,EASTC,7,2003-05-09 00:00:00,2003-06-06 00:00:00,2003-05-12 00:00:00,3,74.46,謝小姐,高雄市中正路四|段65號,高雄市,中正,12958,
10533,FOLKO,8,2003-05-12 00:00:00,2003-06-09 00:00:00,2003-05-22 00:00:00,1,188.04,陳先生,台北市北平東路64號,台北市,北平,12958,
10534,LEHMS,8,2003-05-12 00:00:00,2003-06-09 00:00:00,2003-05-14 00:00:00,2,27.94,黎先生,屏東縣永大路4號,屏東縣,永大,60528,
10535,ANTON,4,2003-05-13 00:00:00,2003-06-10 00:00:00,2003-05-21 00:00:00,1,15.64,胡先生,高雄市中正路一段12號,高雄市,中正,05023,
10536,LEHMS,3,2003-05-14 00:00:00,2003-06-11 00:00:00,2003-06-06 00:00:00,2,58.88,黎先生,屏東縣永大路4號,屏東縣,永大,60528,
10537,RICSU,1,2003-05-14 00:00:00,2003-05-28 00:00:00,2003-05-19 00:00:00,1,78.85,方先生,新竹市永平路一段1號,新竹市,永平,12958,
10538,BSBEV,9,2003-05-15 00:00:00,2003-06-12 00:00:00,2003-05-16 00:00:00,3,4.87,徐先生,台中市中港路一段78號,台中市,中港,12958,
10539,BSBEV,6,2003-05-16 00:00:00,2003-06-13 00:00:00,2003-05-23 00:00:00,3,12.36,徐先生,台中市中港路一段78號,台中市,中港,12958,
10540,QUICK,3,2003-05-19 00:00:00,2003-06-16 00:00:00,2003-06-13 00:00:00,3,1007.64,劉先生,台中市仁愛路二段120號,台中市,仁愛,01307,
10541,HANAR,2,2003-05-19 00:00:00,2003-06-16 00:00:00,2003-05-29 00:00:00,1,68.65,謝小姐,高雄市中正路一段12號,高雄市,中正,12958,
10542,KOENE,1,2003-05-20 00:00:00,2003-06-17 00:00:00,2003-05-26 00:00:00,3,10.95,陳先生,台北市北平東路24號,台北市,北平,14776,
10543,LILAS,8,2003-05-21 00:00:00,2003-06-18 00:00:00,2003-05-23 00:00:00,2,48.17,陳玉美,桃園縣富國路77號,桃園縣,富國,12958,
10544,LONEP,4,2003-05-21 00:00:00,2003-06-18 00:00:00,2003-05-30 00:00:00,1,24.91,胡繼堯,台中市仁愛路二段120號,台中市,仁愛,97219,
10545,LAZYK,8,2003-05-22 00:00:00,2003-06-19 00:00:00,2003-06-26 00:00:00,2,11.92,何先生,南投縣南投路5號,南投縣,南投,99362,
10546,VICTE,1,2003-05-23 00:00:00,2003-06-20 00:00:00,2003-05-27 00:00:00,3,194.72,陳先生,台北市北平東路24號,台北市,北平,69004,
10547,SEVES,3,2003-05-23 00:00:00,2003-06-20 00:00:00,2003-06-02 00:00:00,2,178.43,成先生,台中市中港路一段78號,台中市,中港,12958,
10548,TOMSP,3,2003-05-26 00:00:00,2003-06-23 00:00:00,2003-06-02 00:00:00,2,1.43,謝小姐,高雄市中正路一段12號,高雄市,中正,44087,
10549,QUICK,5,2003-05-27 00:00:00,2003-06-10 00:00:00,2003-05-30 00:00:00,1,171.24,劉先生,台中市仁愛路二段120號,台中市,仁愛,01307,
10550,GODOS,7,2003-05-28 00:00:00,2003-06-25 00:00:00,2003-06-06 00:00:00,3,4.32,鍾小姐,屏東市中山路7號,屏東市,中山,41101,
10551,FURIB,4,2003-05-28 00:00:00,2003-07-09 00:00:00,2003-06-06 00:00:00,3,72.95,林小姐,南投縣南投路5號,南投縣,南投,12958,
10552,HILAA,2,2003-05-29 00:00:00,2003-06-26 00:00:00,2003-06-05 00:00:00,1,83.22,王先生,台北縣中新路11號,台北縣,中新,12958,
10553,WARTH,2,2003-05-30 00:00:00,2003-06-27 00:00:00,2003-06-03 00:00:00,2,149.49,成先生,台中市中港路一段78號,台中市,中港,90110,
10554,OTTIK,4,2003-05-30 00:00:00,2003-06-27 00:00:00,2003-06-05 00:00:00,3,120.97,徐文彬,新竹市竹北路8號,新竹市,竹北,50739,
10555,SAVEA,6,2003-06-02 00:00:00,2003-06-30 00:00:00,2003-06-04 00:00:00,3,252.49,蘇先生,新竹市竹北路8號,新竹市,竹北,83720,
10556,SIMOB,2,2003-06-03 00:00:00,2003-07-15 00:00:00,2003-06-13 00:00:00,1,9.8,何先生,南投縣南投路5號,南投縣,南投,12958,
10557,LEHMS,9,2003-06-03 00:00:00,2003-06-17 00:00:00,2003-06-06 00:00:00,2,96.72,黎先生,屏東縣永大路4號,屏東縣,永大,12958,
10558,AROUT,1,2003-06-04 00:00:00,2003-07-02 00:00:00,2003-06-10 00:00:00,2,72.97,王先生,台北縣中新路11號,台北縣,中新,12958,
10559,BLONP,6,2003-06-05 00:00:00,2003-07-03 00:00:00,2003-06-13 00:00:00,1,8.05,方先生,新竹市永平路一段1號,新竹市,永平,67000,
10560,FRANK,8,2003-06-06 00:00:00,2003-07-04 00:00:00,2003-06-09 00:00:00,1,36.65,余小姐,台北市北平東路42號3樓之一,台北市,北平,80805,
10561,FOLKO,2,2003-06-06 00:00:00,2003-07-04 00:00:00,2003-06-09 00:00:00,2,242.21,陳先生,台北市北平東路64號,台北市,北平,12958,
10562,REGGC,1,2003-06-09 00:00:00,2003-07-07 00:00:00,2003-06-12 00:00:00,1,22.95,徐先生,花蓮市花蓮路98號,花蓮市,花蓮,42100,
10563,RICAR,2,2003-06-10 00:00:00,2003-07-22 00:00:00,2003-06-24 00:00:00,2,60.43,周先生,宜蘭市經國路55號,宜蘭市,經國,12958,
10564,RATTC,4,2003-06-10 00:00:00,2003-07-08 00:00:00,2003-06-16 00:00:00,3,13.75,王先生,台北縣中新路11號,台北縣,中新,87110,
10565,MEREP,8,2003-06-11 00:00:00,2003-07-09 00:00:00,2003-06-18 00:00:00,2,7.15,劉維國,花蓮市花蓮路98號,花蓮市,花蓮,12958,
10566,BLONP,9,2003-06-12 00:00:00,2003-07-10 00:00:00,2003-06-18 00:00:00,1,88.4,方先生,新竹市永平路一段1號,新竹市,永平,67000,
10567,HUNGO,1,2003-06-12 00:00:00,2003-07-10 00:00:00,2003-06-17 00:00:00,1,33.97,周先生,宜蘭市經國路55號,宜蘭市,經國,12958,
10568,GALED,3,2003-06-13 00:00:00,2003-07-11 00:00:00,2003-07-09 00:00:00,3,6.54,林小姐,屏東縣永大路4號,屏東縣,永大,12958,
10569,RATTC,5,2003-06-16 00:00:00,2003-07-14 00:00:00,2003-07-11 00:00:00,1,58.98,王先生,台北縣中新路11號,台北縣,中新,87110,
10570,MEREP,3,2003-06-17 00:00:00,2003-07-15 00:00:00,2003-06-19 00:00:00,3,188.99,劉維國,花蓮市花蓮路98號,花蓮市,花蓮,12958,
10571,ERNSH,8,2003-06-17 00:00:00,2003-07-29 00:00:00,2003-07-04 00:00:00,3,26.06,王先生,台北縣北新路11號,台北縣,北新,12958,
10572,BERGS,3,2003-06-18 00:00:00,2003-07-16 00:00:00,2003-06-25 00:00:00,2,116.43,李先生,花蓮市花蓮路98號,花蓮市,花蓮,12958,
10573,ANTON,7,2003-06-19 00:00:00,2003-07-17 00:00:00,2003-06-20 00:00:00,3,84.84,胡先生,高雄市中正路一段12號,高雄市,中正,05023,
10574,TRAIH,4,2003-06-19 00:00:00,2003-07-17 00:00:00,2003-06-30 00:00:00,2,37.6,周先生,宜蘭市經國路55號,宜蘭市,經國,98034,
10575,MORGK,5,2003-06-20 00:00:00,2003-07-04 00:00:00,2003-06-30 00:00:00,1,127.34,方建文,宜蘭市經國路55號,宜蘭市,經國,04179,
10576,TORTU,3,2003-06-23 00:00:00,2003-07-07 00:00:00,2003-06-30 00:00:00,3,18.56,王先生,台北縣中新路11號,台北縣,中新,05033,
10577,TRAIH,9,2003-06-23 00:00:00,2003-08-04 00:00:00,2003-06-30 00:00:00,2,25.41,周先生,宜蘭市經國路55號,宜蘭市,經國,98034,
10578,BSBEV,4,2003-06-24 00:00:00,2003-07-22 00:00:00,2003-07-25 00:00:00,3,29.6,徐先生,台中市中港路一段78號,台中市,中港,12958,
10579,LETSS,1,2003-06-25 00:00:00,2003-07-23 00:00:00,2003-07-04 00:00:00,2,13.73,唐小姐,屏東市中山路7號,屏東市,中山,94117,
10580,OTTIK,4,2003-06-26 00:00:00,2003-07-24 00:00:00,2003-07-01 00:00:00,3,75.89,徐文彬,新竹市竹北路8號,新竹市,竹北,50739,
10581,FAMIA,3,2003-06-26 00:00:00,2003-07-24 00:00:00,2003-07-02 00:00:00,1,3.01,徐先生,花蓮市花中路15號,花蓮市,花中,12958,
10582,BLAUS,3,2003-06-27 00:00:00,2003-07-25 00:00:00,2003-07-14 00:00:00,2,27.71,劉先生,宜蘭市經國路55號,宜蘭市,經國,68306,
10583,WARTH,2,2003-06-30 00:00:00,2003-07-28 00:00:00,2003-07-04 00:00:00,2,7.28,成先生,台中市中港路一段78號,台中市,中港,90110,
10584,BLONP,4,2003-06-30 00:00:00,2003-07-28 00:00:00,2003-07-04 00:00:00,1,59.14,方先生,新竹市永平路一段1號,新竹市,永平,67000,
10585,WELLI,7,2003-07-01 00:00:00,2003-07-29 00:00:00,2003-07-10 00:00:00,1,13.41,何先生,南投縣南投路5號,南投縣,南投,12958,
10586,REGGC,9,2003-07-02 00:00:00,2003-07-30 00:00:00,2003-07-09 00:00:00,1,0.48,徐先生,花蓮市花蓮路98號,花蓮市,花蓮,42100,
10587,QUEDE,1,2003-07-02 00:00:00,2003-07-30 00:00:00,2003-07-09 00:00:00,1,62.52,劉先生,桃園縣富國路42號,桃園縣,富國,12958,
10588,QUICK,2,2003-07-03 00:00:00,2003-07-31 00:00:00,2003-07-10 00:00:00,3,194.67,劉先生,台中市仁愛路二段120號,台中市,仁愛,01307,
10589,GREAL,8,2003-07-04 00:00:00,2003-08-01 00:00:00,2003-07-14 00:00:00,2,4.42,方先生,台北市忠孝東路四段32號,台北市,忠孝,97403,
10590,MEREP,4,2003-07-07 00:00:00,2003-08-04 00:00:00,2003-07-14 00:00:00,3,44.77,劉維國,花蓮市花蓮路98號,花蓮市,花蓮,12958,
10591,VAFFE,1,2003-07-07 00:00:00,2003-07-21 00:00:00,2003-07-16 00:00:00,1,55.92,方先生,新竹市永平路一段1號,新竹市,永平,12958,
10592,LEHMS,3,2003-07-08 00:00:00,2003-08-05 00:00:00,2003-07-16 00:00:00,1,32.1,黎先生,屏東縣永大路4號,屏東縣,永大,60528,
10593,LEHMS,7,2003-07-09 00:00:00,2003-08-06 00:00:00,2003-08-13 00:00:00,2,174.2,黎先生,屏東縣永大路4號,屏東縣,永大,60528,
10594,OLDWO,3,2003-07-09 00:00:00,2003-08-06 00:00:00,2003-07-16 00:00:00,2,5.24,王俊元,台北市北平東路24號3樓之一,台北市,北平,99508,
10595,ERNSH,2,2003-07-10 00:00:00,2003-08-07 00:00:00,2003-07-14 00:00:00,1,96.78,王先生,台北縣北新路11號,台北縣,北新,12958,
10596,WHITC,8,2003-07-11 00:00:00,2003-08-08 00:00:00,2003-08-12 00:00:00,1,16.34,黎先生,屏東縣永大路4號,屏東縣,永大,98124,
10597,PICCO,7,2003-07-11 00:00:00,2003-08-08 00:00:00,2003-07-18 00:00:00,3,35.12,林麗莉,屏東縣永大路4號,屏東縣,永大,12958,
10598,RATTC,1,2003-07-14 00:00:00,2003-08-11 00:00:00,2003-07-18 00:00:00,3,44.42,王先生,台北縣中新路11號,台北縣,中新,87110,
10599,BSBEV,6,2003-07-15 00:00:00,2003-08-26 00:00:00,2003-07-21 00:00:00,3,29.98,徐先生,台中市中港路一段78號,台中市,中港,12958,
10600,HUNGC,4,2003-07-16 00:00:00,2003-08-13 00:00:00,2003-07-21 00:00:00,1,45.13,徐先生,花蓮市花蓮路98號,花蓮市,花蓮,97827,
10601,HILAA,7,2003-07-16 00:00:00,2003-08-27 00:00:00,2003-07-22 00:00:00,1,58.3,王先生,台北縣中新路11號,台北縣,中新,12958,
10602,VAFFE,8,2003-07-17 00:00:00,2003-08-14 00:00:00,2003-07-22 00:00:00,2,2.92,方先生,新竹市永平路一段1號,新竹市,永平,12958,
10603,SAVEA,8,2003-07-18 00:00:00,2003-08-15 00:00:00,2003-08-08 00:00:00,2,48.77,蘇先生,新竹市竹北路8號,新竹市,竹北,83720,
10604,FURIB,1,2003-07-18 00:00:00,2003-08-15 00:00:00,2003-07-29 00:00:00,1,7.46,林小姐,南投縣南投路5號,南投縣,南投,16752,
10605,MEREP,1,2003-07-21 00:00:00,2003-08-18 00:00:00,2003-07-29 00:00:00,2,379.13,劉維國,花蓮市花蓮路98號,花蓮市,花蓮,12958,
10606,TRADH,4,2003-07-22 00:00:00,2003-08-19 00:00:00,2003-07-31 00:00:00,3,79.4,徐先生,花蓮市花蓮路98號,花蓮市,花蓮,12958,
10607,SAVEA,5,2003-07-22 00:00:00,2003-08-19 00:00:00,2003-07-25 00:00:00,1,200.24,蘇先生,新竹市竹北路8號,新竹市,竹北,83720,
10608,TOMSP,4,2003-07-23 00:00:00,2003-08-20 00:00:00,2003-08-01 00:00:00,2,27.79,謝小姐,高雄市中正路一段12號,高雄市,中正,44087,
10609,DUMON,7,2003-07-24 00:00:00,2003-08-21 00:00:00,2003-07-30 00:00:00,2,1.85,劉先生,台中市仁愛路四段180號,台中市,仁愛,44000,
10610,LAMAI,8,2003-07-25 00:00:00,2003-08-22 00:00:00,2003-08-06 00:00:00,1,26.78,蘇先生,新竹市竹北路8號,新竹市,竹北,31000,
10611,SUPRD,6,2003-07-25 00:00:00,2003-08-22 00:00:00,2003-08-01 00:00:00,1,80.65,吳小姐,桃園縣富國路42號,桃園縣,富國,12958,
10612,SAVEA,1,2003-07-28 00:00:00,2003-08-25 00:00:00,2003-08-01 00:00:00,2,544.08,蘇先生,新竹市竹北路8號,新竹市,竹北,83720,
10613,HILAA,4,2003-07-29 00:00:00,2003-08-26 00:00:00,2003-08-01 00:00:00,2,8.11,王先生,台北縣中新路11號,台北縣,中新,12958,
10614,BLAUS,8,2003-07-29 00:00:00,2003-08-26 00:00:00,2003-08-01 00:00:00,3,1.93,劉先生,宜蘭市經國路55號,宜蘭市,經國,68306,
10615,WILMK,2,2003-07-30 00:00:00,2003-08-27 00:00:00,2003-08-06 00:00:00,3,0.75,唐小姐,屏東市中山路7號,屏東市,中山,21240,
10616,GREAL,1,2003-07-31 00:00:00,2003-08-28 00:00:00,2003-08-05 00:00:00,2,116.53,方先生,台北市忠孝東路四段32號,台北市,忠孝,97403,
10617,GREAL,4,2003-07-31 00:00:00,2003-08-28 00:00:00,2003-08-04 00:00:00,2,18.53,方先生,台北市忠孝東路四段32號,台北市,忠孝,97403,
10618,MEREP,1,2003-08-01 00:00:00,2003-09-12 00:00:00,2003-08-08 00:00:00,1,154.68,劉維國,花蓮市花蓮路98號,花蓮市,花蓮,12958,
10619,MEREP,3,2003-08-04 00:00:00,2003-09-01 00:00:00,2003-08-07 00:00:00,3,91.05,劉維國,花蓮市花蓮路98號,花蓮市,花蓮,12958,
10620,LAUGB,2,2003-08-05 00:00:00,2003-09-02 00:00:00,2003-08-14 00:00:00,3,0.94,成先生,台中市中港路一段78號,台中市,中港,12958,
10621,ISLAT,4,2003-08-05 00:00:00,2003-09-02 00:00:00,2003-08-11 00:00:00,2,23.73,方先生,新竹市永平路一段1號,新竹市,永平,12958,
10622,RICAR,4,2003-08-06 00:00:00,2003-09-03 00:00:00,2003-08-11 00:00:00,3,50.97,周先生,宜蘭市經國路55號,宜蘭市,經國,12958,
10623,FRANK,8,2003-08-07 00:00:00,2003-09-04 00:00:00,2003-08-12 00:00:00,2,97.18,余小姐,台北市北平東路42號3樓之一,台北市,北平,80805,
10624,THECR,4,2003-08-07 00:00:00,2003-09-04 00:00:00,2003-08-19 00:00:00,2,94.8,劉先生,台中市仁愛路二段120號,台中市,仁愛,59801,
10625,FRANR,3,2003-08-08 00:00:00,2003-09-05 00:00:00,2003-08-14 00:00:00,1,43.9,信華銀行,新竹市竹北路8號,新竹市,竹北區,14754,
10626,BERGS,1,2003-08-11 00:00:00,2003-09-08 00:00:00,2003-08-20 00:00:00,2,138.69,李先生,花蓮市花蓮路98號,花蓮市,花蓮,12958,
10627,SAVEA,8,2003-08-11 00:00:00,2003-09-22 00:00:00,2003-08-21 00:00:00,3,107.46,蘇先生,新竹市竹北路8號,新竹市,竹北,83720,
10628,BLONP,4,2003-08-12 00:00:00,2003-09-09 00:00:00,2003-08-20 00:00:00,3,30.36,方先生,新竹市永平路一段1號,新竹市,永平,67000,
10629,GODOS,4,2003-08-12 00:00:00,2003-09-09 00:00:00,2003-08-20 00:00:00,3,85.46,鍾小姐,屏東市中山路7號,屏東市,中山,41101,
10630,KOENE,1,2003-08-13 00:00:00,2003-09-10 00:00:00,2003-08-19 00:00:00,2,32.35,陳先生,台北市北平東路24號,台北市,北平,14776,
10631,LAMAI,8,2003-08-14 00:00:00,2003-09-11 00:00:00,2003-08-15 00:00:00,1,0.87,蘇先生,新竹市竹北路8號,新竹市,竹北,31000,
10632,WANDK,8,2003-08-14 00:00:00,2003-09-11 00:00:00,2003-08-19 00:00:00,1,41.38,蘇先生,新竹市竹北路8號,新竹市,竹北,70563,
10633,ERNSH,7,2003-08-15 00:00:00,2003-09-12 00:00:00,2003-08-18 00:00:00,3,477.9,王先生,台北縣北新路11號,台北縣,北新,12958,
10634,FOLIG,4,2003-08-15 00:00:00,2003-09-12 00:00:00,2003-08-21 00:00:00,3,487.38,方先生,新竹市永平路7號,新竹市,永平,59000,
10635,MAGAA,8,2003-08-18 00:00:00,2003-09-15 00:00:00,2003-08-21 00:00:00,3,47.46,王炫皓,高雄市中正路一段12號,高雄市,中正,24100,
10636,WARTH,4,2003-08-19 00:00:00,2003-09-16 00:00:00,2003-08-26 00:00:00,1,1.15,成先生,台中市中港路一段78號,台中市,中港,90110,
10637,QUEEN,6,2003-08-19 00:00:00,2003-09-16 00:00:00,2003-08-26 00:00:00,1,201.29,方先生,台北市忠孝東路四段32號,台北市,忠孝,12958,
10638,LINOD,3,2003-08-20 00:00:00,2003-09-17 00:00:00,2003-09-01 00:00:00,1,158.44,黃雅玲,台北市忠孝東路四段32號,台北市,忠孝,12958,
10639,SANTG,7,2003-08-20 00:00:00,2003-09-17 00:00:00,2003-08-27 00:00:00,3,38.64,余小姐,台北市北平東路24號3樓之一,台北市,北平,12958,
10640,WANDK,4,2003-08-21 00:00:00,2003-09-18 00:00:00,2003-08-28 00:00:00,1,23.55,蘇先生,新竹市竹北路8號,新竹市,竹北,70563,
10641,HILAA,4,2003-08-22 00:00:00,2003-09-19 00:00:00,2003-08-26 00:00:00,2,179.61,王先生,台北縣中新路11號,台北縣,中新,12958,
10642,SIMOB,7,2003-08-22 00:00:00,2003-09-19 00:00:00,2003-09-05 00:00:00,3,41.89,何先生,南投縣南投路5號,南投縣,南投,12958,
10643,AROUT,6,2003-08-25 00:00:00,2003-09-22 00:00:00,2003-09-02 00:00:00,1,29.46,王先生,台北縣中新路11號,台北縣,中新,12958,
10644,WELLI,3,2003-08-25 00:00:00,2003-09-22 00:00:00,2003-09-01 00:00:00,2,0.14,何先生,南投縣南投路5號,南投縣,南投,12958,
10645,HANAR,4,2003-08-26 00:00:00,2003-09-23 00:00:00,2003-09-02 00:00:00,1,12.41,謝小姐,高雄市中正路一段12號,高雄市,中正,12958,
10646,HUNGO,9,2003-08-27 00:00:00,2003-10-08 00:00:00,2003-09-03 00:00:00,3,142.33,周先生,宜蘭市經國路55號,宜蘭市,經國,12958,
10647,QUEDE,4,2003-08-27 00:00:00,2003-09-10 00:00:00,2003-09-03 00:00:00,2,45.54,劉先生,桃園縣富國路42號,桃園縣,富國,12958,
10648,RICAR,5,2003-08-28 00:00:00,2003-10-09 00:00:00,2003-09-09 00:00:00,2,14.25,周先生,宜蘭市經國路55號,宜蘭市,經國,12958,
10649,MAISD,5,2003-08-28 00:00:00,2003-09-25 00:00:00,2003-08-29 00:00:00,3,6.2,李柏麟,台北縣中新路11號,台北縣,中新,12958,
10650,FAMIA,5,2003-08-29 00:00:00,2003-09-26 00:00:00,2003-09-03 00:00:00,3,176.81,徐先生,花蓮市花中路15號,花蓮市,花中,12958,
10651,WANDK,8,2003-09-01 00:00:00,2003-09-29 00:00:00,2003-09-11 00:00:00,2,20.6,蘇先生,新竹市竹北路8號,新竹市,竹北,70563,
10652,GOURL,4,2003-09-01 00:00:00,2003-09-29 00:00:00,2003-09-08 00:00:00,2,7.14,劉先生,桃園縣富國路42號,桃園縣,富國,12958,
10653,FRANK,1,2003-09-02 00:00:00,2003-09-30 00:00:00,2003-09-19 00:00:00,1,93.25,余小姐,台北市北平東路42號3樓之一,台北市,北平,80805,
10654,BERGS,5,2003-09-02 00:00:00,2003-09-30 00:00:00,2003-09-11 00:00:00,1,55.26,李先生,花蓮市花蓮路98號,花蓮市,花蓮,12958,
10655,REGGC,1,2003-09-03 00:00:00,2003-10-01 00:00:00,2003-09-11 00:00:00,2,4.41,徐先生,花蓮市花蓮路98號,花蓮市,花蓮,42100,
10656,GREAL,6,2003-09-04 00:00:00,2003-10-02 00:00:00,2003-09-10 00:00:00,1,57.15,方先生,台北市忠孝東路四段32號,台北市,忠孝,97403,
10657,SAVEA,2,2003-09-04 00:00:00,2003-10-02 00:00:00,2003-09-15 00:00:00,2,352.69,蘇先生,新竹市竹北路8號,新竹市,竹北,83720,
10658,QUICK,4,2003-09-05 00:00:00,2003-10-03 00:00:00,2003-09-08 00:00:00,1,364.15,劉先生,台中市仁愛路二段120號,台中市,仁愛,01307,
10659,QUEEN,7,2003-09-05 00:00:00,2003-10-03 00:00:00,2003-09-10 00:00:00,2,105.81,方先生,台北市忠孝東路四段32號,台北市,忠孝,12958,
10660,HUNGC,8,2003-09-08 00:00:00,2003-10-06 00:00:00,2003-10-15 00:00:00,1,111.29,徐先生,花蓮市花蓮路98號,花蓮市,花蓮,97827,
10661,HUNGO,7,2003-09-09 00:00:00,2003-10-07 00:00:00,2003-09-15 00:00:00,3,17.55,周先生,宜蘭市經國路55號,宜蘭市,經國,12958,
10662,LONEP,3,2003-09-09 00:00:00,2003-10-07 00:00:00,2003-09-18 00:00:00,2,1.28,胡繼堯,台中市仁愛路二段120號,台中市,仁愛,97219,
10663,BONAP,2,2003-09-10 00:00:00,2003-09-24 00:00:00,2003-10-03 00:00:00,2,113.15,謝小姐,台北市北平東路24號3樓之一,台北市,北平,13008,
10664,FURIB,1,2003-09-10 00:00:00,2003-10-08 00:00:00,2003-09-19 00:00:00,3,1.27,林小姐,南投縣南投路5號,南投縣,南投,12958,
10665,LONEP,1,2003-09-11 00:00:00,2003-10-09 00:00:00,2003-09-17 00:00:00,2,26.31,胡繼堯,台中市仁愛路二段120號,台中市,仁愛,97219,
10666,RICSU,7,2003-09-12 00:00:00,2003-10-10 00:00:00,2003-09-22 00:00:00,2,232.42,方先生,新竹市永平路一段1號,新竹市,永平,12958,
10667,ERNSH,7,2003-09-12 00:00:00,2003-10-10 00:00:00,2003-09-19 00:00:00,1,78.09,王先生,台北縣北新路11號,台北縣,北新,12958,
10668,WANDK,1,2003-09-15 00:00:00,2003-10-13 00:00:00,2003-09-23 00:00:00,2,47.22,蘇先生,新竹市竹北路8號,新竹市,竹北,70563,
10669,SIMOB,2,2003-09-15 00:00:00,2003-10-13 00:00:00,2003-09-22 00:00:00,1,24.39,何先生,南投縣南投路5號,南投縣,南投,12958,
10670,FRANK,4,2003-09-16 00:00:00,2003-10-14 00:00:00,2003-09-18 00:00:00,1,203.48,余小姐,台北市北平東路42號3樓之一,台北市,北平,80805,
10671,FRANR,1,2003-09-17 00:00:00,2003-10-15 00:00:00,2003-09-24 00:00:00,1,30.34,蘇先生,新竹市竹北路8號,新竹市,竹北,44000,
10672,BERGS,9,2003-09-17 00:00:00,2003-10-01 00:00:00,2003-09-26 00:00:00,2,95.75,李先生,花蓮市花蓮路98號,花蓮市,花蓮,12958,
10673,WILMK,2,2003-09-18 00:00:00,2003-10-16 00:00:00,2003-09-19 00:00:00,1,22.76,唐小姐,屏東市中山路7號,屏東市,中山,21240,
10674,ISLAT,4,2003-09-18 00:00:00,2003-10-16 00:00:00,2003-09-30 00:00:00,2,0.9,方先生,新竹市永平路一段1號,新竹市,永平,12958,
10675,FRANK,5,2003-09-19 00:00:00,2003-10-17 00:00:00,2003-09-23 00:00:00,2,31.85,余小姐,台北市北平東路42號3樓之一,台北市,北平,80805,
10676,TORTU,2,2003-09-22 00:00:00,2003-10-20 00:00:00,2003-09-29 00:00:00,2,2.01,王先生,台北縣中新路11號,台北縣,中新,05033,
10677,ANTON,1,2003-09-22 00:00:00,2003-10-20 00:00:00,2003-09-26 00:00:00,3,4.03,胡先生,高雄市中正路一段12號,高雄市,中正,05023,
10678,SAVEA,7,2003-09-23 00:00:00,2003-10-21 00:00:00,2003-10-16 00:00:00,3,388.98,蘇先生,新竹市竹北路8號,新竹市,竹北,83720,
10679,BLONP,8,2003-09-23 00:00:00,2003-10-21 00:00:00,2003-09-30 00:00:00,3,27.94,方先生,新竹市永平路一段1號,新竹市,永平,67000,
10680,OLDWO,1,2003-09-24 00:00:00,2003-10-22 00:00:00,2003-09-26 00:00:00,1,26.61,王俊元,台北市北平東路24號3樓之一,台北市,北平,99508,
10681,GREAL,3,2003-09-25 00:00:00,2003-10-23 00:00:00,2003-09-30 00:00:00,3,76.13,方先生,台北市忠孝東路四段32號,台北市,忠孝,97403,
10682,ANTON,3,2003-09-25 00:00:00,2003-10-23 00:00:00,2003-10-01 00:00:00,2,36.13,胡先生,高雄市中正路一段12號,高雄市,中正,05023,
10683,DUMON,2,2003-09-26 00:00:00,2003-10-24 00:00:00,2003-10-01 00:00:00,1,4.4,劉先生,台中市仁愛路四段180號,台中市,仁愛,44000,
10684,OTTIK,3,2003-09-26 00:00:00,2003-10-24 00:00:00,2003-09-30 00:00:00,1,145.63,徐文彬,新竹市竹北路8號,新竹市,竹北,50739,
10685,GOURL,4,2003-09-29 00:00:00,2003-10-13 00:00:00,2003-10-03 00:00:00,2,33.75,劉先生,桃園縣富國路42號,桃園縣,富國,12958,
10686,PICCO,2,2003-09-30 00:00:00,2003-10-28 00:00:00,2003-10-08 00:00:00,1,96.5,林麗莉,屏東縣永大路4號,屏東縣,永大,12958,
10687,HUNGO,9,2003-09-30 00:00:00,2003-10-28 00:00:00,2003-10-30 00:00:00,2,296.43,周先生,宜蘭市經國路55號,宜蘭市,經國,12958,
10688,VAFFE,4,2003-10-01 00:00:00,2003-10-15 00:00:00,2003-10-07 00:00:00,2,299.09,方先生,新竹市永平路一段1號,新竹市,永平,12958,
10689,BERGS,1,2003-10-01 00:00:00,2003-10-29 00:00:00,2003-10-07 00:00:00,2,13.42,李先生,花蓮市花蓮路98號,花蓮市,花蓮,12958,
10690,HANAR,1,2003-10-02 00:00:00,2003-10-30 00:00:00,2003-10-03 00:00:00,1,15.8,謝小姐,高雄市中正路一段12號,高雄市,中正,12958,
10691,QUICK,2,2003-10-03 00:00:00,2003-11-14 00:00:00,2003-10-22 00:00:00,2,810.05,劉先生,台中市仁愛路二段120號,台中市,仁愛,01307,
10692,WHITC,4,2003-10-03 00:00:00,2003-10-31 00:00:00,2003-10-13 00:00:00,2,61.02,黎先生,屏東縣永大路4號,屏東縣,永大,98128,
10693,WHITC,3,2003-10-06 00:00:00,2003-10-20 00:00:00,2003-10-10 00:00:00,3,139.34,黎先生,屏東縣永大路4號,屏東縣,永大,98124,
10694,QUICK,8,2003-10-06 00:00:00,2003-11-03 00:00:00,2003-10-09 00:00:00,3,398.36,劉先生,台中市仁愛路二段120號,台中市,仁愛,01307,
10695,WILMK,7,2003-10-07 00:00:00,2003-11-18 00:00:00,2003-10-14 00:00:00,1,16.72,唐小姐,屏東市中山路7號,屏東市,中山,21240,
10696,WHITC,8,2003-10-08 00:00:00,2003-11-19 00:00:00,2003-10-14 00:00:00,3,102.55,黎先生,屏東縣永大路4號,屏東縣,永大,98124,
10697,LINOD,3,2003-10-08 00:00:00,2003-11-05 00:00:00,2003-10-14 00:00:00,1,45.52,黃雅玲,台北市忠孝東路四段32號,台北市,忠孝,12958,
10698,ERNSH,4,2003-10-09 00:00:00,2003-11-06 00:00:00,2003-10-17 00:00:00,1,272.47,王先生,台北縣北新路11號,台北縣,北新,12958,
10699,MORGK,3,2003-10-09 00:00:00,2003-11-06 00:00:00,2003-10-13 00:00:00,3,0.58,方建文,宜蘭市經國路55號,宜蘭市,經國,04179,
10700,SAVEA,3,2003-10-10 00:00:00,2003-11-07 00:00:00,2003-10-16 00:00:00,1,65.1,蘇先生,新竹市竹北路8號,新竹市,竹北,83720,
10701,HUNGO,6,2003-10-13 00:00:00,2003-10-27 00:00:00,2003-10-15 00:00:00,3,220.31,周先生,宜蘭市經國路55號,宜蘭市,經國,12958,
10702,COMMI,4,2003-10-13 00:00:00,2003-11-24 00:00:00,2003-10-21 00:00:00,1,23.94,鍾小姐,桃園縣富國路42號,桃園縣,富國,12958,
10703,FOLKO,6,2003-10-14 00:00:00,2003-11-11 00:00:00,2003-10-20 00:00:00,2,152.3,陳先生,台北市北平東路64號,台北市,北平,12958,
10704,QUEEN,6,2003-10-14 00:00:00,2003-11-11 00:00:00,2003-11-07 00:00:00,1,4.78,方先生,台北市忠孝東路四段32號,台北市,忠孝,12958,
10705,HILAA,9,2003-10-15 00:00:00,2003-11-12 00:00:00,2003-11-18 00:00:00,2,3.52,王先生,台北縣中新路11號,台北縣,中新,12958,
10706,OLDWO,8,2003-10-16 00:00:00,2003-11-13 00:00:00,2003-10-21 00:00:00,3,135.63,王俊元,台北市北平東路24號3樓之一,台北市,北平,99508,
10707,AROUT,4,2003-10-16 00:00:00,2003-10-30 00:00:00,2003-10-23 00:00:00,3,21.74,王先生,台北縣中新路11號,台北縣,中新,12958,
10708,THEBI,6,2003-10-17 00:00:00,2003-11-28 00:00:00,2003-11-05 00:00:00,2,2.96,方先生,台北市忠孝東路四段32號,台北市,忠孝,97201,
10709,GOURL,1,2003-10-17 00:00:00,2003-11-14 00:00:00,2003-11-20 00:00:00,3,210.8,劉先生,桃園縣富國路42號,桃園縣,富國,12958,
10710,FRANS,1,2003-10-20 00:00:00,2003-11-17 00:00:00,2003-10-23 00:00:00,1,4.98,成先生,台中市中港路一段78號,台中市,中港,10100,
10711,SAVEA,5,2003-10-21 00:00:00,2003-12-02 00:00:00,2003-10-29 00:00:00,2,52.41,蘇先生,新竹市竹北路8號,新竹市,竹北,83720,
10712,HUNGO,3,2003-10-21 00:00:00,2003-11-18 00:00:00,2003-10-31 00:00:00,1,89.93,周先生,宜蘭市經國路55號,宜蘭市,經國,12958,
10713,SAVEA,1,2003-10-22 00:00:00,2003-11-19 00:00:00,2003-10-24 00:00:00,1,167.05,蘇先生,新竹市竹北路8號,新竹市,竹北,83720,
10714,SAVEA,5,2003-10-22 00:00:00,2003-11-19 00:00:00,2003-10-27 00:00:00,3,24.49,蘇先生,新竹市竹北路8號,新竹市,竹北,83720,
10715,BONAP,3,2003-10-23 00:00:00,2003-11-06 00:00:00,2003-10-29 00:00:00,1,63.2,謝小姐,台北市北平東路24號3樓之一,台北市,北平,13008,
10716,RANCH,4,2003-10-24 00:00:00,2003-11-21 00:00:00,2003-10-27 00:00:00,2,22.57,謝小姐,高雄市中正路一段12號,高雄市,中正,12958,
10717,FRANK,1,2003-10-24 00:00:00,2003-11-21 00:00:00,2003-10-29 00:00:00,2,59.25,余小姐,台北市北平東路42號3樓之一,台北市,北平,80805,
10718,KOENE,1,2003-10-27 00:00:00,2003-11-24 00:00:00,2003-10-29 00:00:00,3,170.88,陳先生,台北市北平東路24號,台北市,北平,14776,
10719,LETSS,8,2003-10-27 00:00:00,2003-11-24 00:00:00,2003-11-05 00:00:00,2,51.44,唐小姐,屏東市中山路7號,屏東市,中山,94117,
10720,QUEDE,8,2003-10-28 00:00:00,2003-11-11 00:00:00,2003-11-05 00:00:00,2,9.53,劉先生,桃園縣富國路42號,桃園縣,富國,12958,
10721,QUICK,5,2003-10-29 00:00:00,2003-11-26 00:00:00,2003-10-31 00:00:00,3,48.92,劉先生,台中市仁愛路二段120號,台中市,仁愛,01307,
10722,SAVEA,8,2003-10-29 00:00:00,2003-12-10 00:00:00,2003-11-04 00:00:00,1,74.58,蘇先生,新竹市竹北路8號,新竹市,竹北,83720,
10723,WHITC,3,2003-10-30 00:00:00,2003-11-27 00:00:00,2003-11-25 00:00:00,1,21.72,黎先生,屏東縣永大路4號,屏東縣,永大,98124,
10724,MEREP,8,2003-10-30 00:00:00,2003-12-11 00:00:00,2003-11-05 00:00:00,2,57.75,劉維國,花蓮市花蓮路98號,花蓮市,花蓮,12958,
10725,FAMIA,4,2003-10-31 00:00:00,2003-11-28 00:00:00,2003-11-05 00:00:00,3,10.83,徐先生,花蓮市花中路15號,花蓮市,花中,12958,
10726,EASTC,4,2003-11-03 00:00:00,2003-11-17 00:00:00,2003-12-05 00:00:00,1,16.56,謝小姐,高雄市中正路四|段65號,高雄市,中正,12958,
10727,REGGC,2,2003-11-03 00:00:00,2003-12-01 00:00:00,2003-12-05 00:00:00,1,89.9,徐先生,花蓮市花蓮路98號,花蓮市,花蓮,42100,
10728,QUEEN,4,2003-11-04 00:00:00,2003-12-02 00:00:00,2003-11-11 00:00:00,2,58.33,方先生,台北市忠孝東路四段32號,台北市,忠孝,12958,
10729,LINOD,8,2003-11-04 00:00:00,2003-12-16 00:00:00,2003-11-14 00:00:00,3,141.06,黃雅玲,台北市忠孝東路四段32號,台北市,忠孝,12958,
10730,BONAP,5,2003-11-05 00:00:00,2003-12-03 00:00:00,2003-11-14 00:00:00,1,20.12,謝小姐,台北市北平東路24號3樓之一,台北市,北平,13008,
10731,CHOPS,7,2003-11-06 00:00:00,2003-12-04 00:00:00,2003-11-14 00:00:00,1,96.65,林小姐,屏東市中山路7號,屏東市,中山,12958,
10732,BONAP,3,2003-11-06 00:00:00,2003-12-04 00:00:00,2003-11-07 00:00:00,1,16.97,謝小姐,台北市北平東路24號3樓之一,台北市,北平,13008,
10733,BERGS,1,2003-11-07 00:00:00,2003-12-05 00:00:00,2003-11-10 00:00:00,3,110.11,李先生,花蓮市花蓮路98號,花蓮市,花蓮,12958,
10734,GOURL,2,2003-11-07 00:00:00,2003-12-05 00:00:00,2003-11-12 00:00:00,3,1.63,劉先生,桃園縣富國路42號,桃園縣,富國,12958,
10735,LETSS,6,2003-11-10 00:00:00,2003-12-08 00:00:00,2003-11-21 00:00:00,2,45.97,唐小姐,屏東市中山路7號,屏東市,中山,94117,
10736,HUNGO,9,2003-11-11 00:00:00,2003-12-09 00:00:00,2003-11-21 00:00:00,2,44.1,周先生,宜蘭市經國路55號,宜蘭市,經國,12958,
10737,VINET,2,2003-11-11 00:00:00,2003-12-09 00:00:00,2003-11-18 00:00:00,2,7.79,余小姐,台北市北平東路24號3樓之一,台北市,北平,51100,
10738,SPECD,2,2003-11-12 00:00:00,2003-12-10 00:00:00,2003-11-18 00:00:00,1,2.91,黎先生,屏東縣永大路4號,屏東縣,永大,75016,
10739,VINET,3,2003-11-12 00:00:00,2003-12-10 00:00:00,2003-11-17 00:00:00,3,11.08,余小姐,台北市北平東路24號3樓之一,台北市,北平,51100,
10740,WHITC,4,2003-11-13 00:00:00,2003-12-11 00:00:00,2003-11-25 00:00:00,2,81.88,黎先生,屏東縣永大路4號,屏東縣,永大,98124,
10741,AROUT,4,2003-11-14 00:00:00,2003-11-28 00:00:00,2003-11-18 00:00:00,3,10.96,王先生,台北縣中新路11號,台北縣,中新,12958,
10742,BOTTM,3,2003-11-14 00:00:00,2003-12-12 00:00:00,2003-11-18 00:00:00,3,243.73,王先生,新竹市竹北路8號,新竹市,竹北,12958,
10743,AROUT,1,2003-11-17 00:00:00,2003-12-15 00:00:00,2003-11-21 00:00:00,2,23.72,王先生,台北縣中新路11號,台北縣,中新,12958,
10744,VAFFE,6,2003-11-17 00:00:00,2003-12-15 00:00:00,2003-11-24 00:00:00,1,69.19,方先生,新竹市永平路一段1號,新竹市,永平,12958,
10745,QUICK,9,2003-11-18 00:00:00,2003-12-16 00:00:00,2003-11-27 00:00:00,1,3.52,劉先生,台中市仁愛路二段120號,台中市,仁愛,01307,
10746,CHOPS,1,2003-11-19 00:00:00,2003-12-17 00:00:00,2003-11-21 00:00:00,3,31.43,林小姐,屏東市中山路7號,屏東市,中山,30122,
10747,PICCO,6,2003-11-19 00:00:00,2003-12-17 00:00:00,2003-11-26 00:00:00,1,117.33,林麗莉,屏東縣永大路4號,屏東縣,永大,50202,
10748,SAVEA,3,2003-11-20 00:00:00,2003-12-18 00:00:00,2003-11-28 00:00:00,1,232.55,蘇先生,新竹市竹北路8號,新竹市,竹北,83720,
10749,ISLAT,4,2003-11-20 00:00:00,2003-12-18 00:00:00,2003-12-19 00:00:00,2,61.53,方先生,新竹市永平路一段1號,新竹市,永平,10607,
10750,WARTH,9,2003-11-21 00:00:00,2003-12-19 00:00:00,2003-11-24 00:00:00,1,79.3,成先生,台中市中港路一段78號,台中市,中港,90110,
10751,RICSU,3,2003-11-24 00:00:00,2003-12-22 00:00:00,2003-12-03 00:00:00,3,130.79,方先生,新竹市永平路一段1號,新竹市,永平,12042,
10752,NORTS,2,2003-11-24 00:00:00,2003-12-22 00:00:00,2003-11-28 00:00:00,3,1.39,劉小龍,新竹市永平路一段1號,新竹市,永平,10607,
10753,FRANS,3,2003-11-25 00:00:00,2003-12-23 00:00:00,2003-11-27 00:00:00,1,7.7,成先生,台中市中港路一段78號,台中市,中港,10100,
10754,MAGAA,6,2003-11-25 00:00:00,2003-12-23 00:00:00,2003-11-27 00:00:00,3,2.38,王炫皓,高雄市中正路一段12號,高雄市,中正,24100,
10755,BONAP,4,2003-11-26 00:00:00,2003-12-24 00:00:00,2003-11-28 00:00:00,2,16.71,謝小姐,台北市北平東路24號3樓之一,台北市,北平,13008,
10756,SPLIR,8,2003-11-27 00:00:00,2003-12-25 00:00:00,2003-12-02 00:00:00,2,73.21,唐小姐,屏東市中山路7號,屏東市,中山,82520,
10757,SAVEA,6,2003-11-27 00:00:00,2003-12-25 00:00:00,2003-12-15 00:00:00,1,8.19,蘇先生,新竹市竹北路8號,新竹市,竹北,83720,
10758,RICSU,3,2003-11-28 00:00:00,2003-12-26 00:00:00,2003-12-04 00:00:00,3,138.17,方先生,新竹市永平路一段1號,新竹市,永平,12042,
10759,ANATR,3,2003-11-28 00:00:00,2003-12-26 00:00:00,2003-12-12 00:00:00,3,11.99,黃小姐,台中市仁愛路二段120號,台中市,仁愛,05021,
10760,MAISD,4,2003-12-01 00:00:00,2003-12-29 00:00:00,2003-12-10 00:00:00,1,155.64,李柏麟,台北縣中新路11號,台北縣,中新,10607,
10761,RATTC,5,2003-12-02 00:00:00,2003-12-30 00:00:00,2003-12-08 00:00:00,2,18.66,王先生,台北縣中新路11號,台北縣,中新,87110,
10762,FOLKO,3,2003-12-02 00:00:00,2003-12-30 00:00:00,2003-12-09 00:00:00,1,328.74,陳先生,台北市北平東路64號,台北市,北平,10607,
10763,FOLIG,3,2003-12-03 00:00:00,2003-12-31 00:00:00,2003-12-08 00:00:00,3,37.35,方先生,新竹市永平路7號,新竹市,永平,59000,
10764,ERNSH,6,2003-12-03 00:00:00,2003-12-31 00:00:00,2003-12-08 00:00:00,3,145.45,王先生,台北縣北新路11號,台北縣,北新,80102,
10765,QUICK,3,2003-12-04 00:00:00,2004-01-01 00:00:00,2003-12-09 00:00:00,3,42.74,劉先生,台中市仁愛路二段120號,台中市,仁愛,01307,
10766,OTTIK,4,2003-12-05 00:00:00,2004-01-02 00:00:00,2003-12-09 00:00:00,1,157.55,徐文彬,新竹市竹北路8號,新竹市,竹北,50739,
10767,SUPRD,4,2003-12-05 00:00:00,2004-01-02 00:00:00,2003-12-15 00:00:00,3,1.59,劉先生,桃園縣富國路42號,桃園縣,富國,10607,
10768,AROUT,3,2003-12-08 00:00:00,2004-01-05 00:00:00,2003-12-15 00:00:00,2,146.32,王先生,台北縣中新路11號,台北縣,中新,10607,
10769,VAFFE,3,2003-12-08 00:00:00,2004-01-05 00:00:00,2003-12-12 00:00:00,1,65.06,方先生,新竹市永平路一段1號,新竹市,永平,82002,
10770,HANAR,8,2003-12-09 00:00:00,2004-01-06 00:00:00,2003-12-17 00:00:00,3,5.32,謝小姐,高雄市中正路一段12號,高雄市,中正,10608,
10771,ERNSH,9,2003-12-10 00:00:00,2004-01-07 00:00:00,2004-01-02 00:00:00,2,11.19,王先生,台北縣北新路11號,台北縣,北新,80102,
10772,LEHMS,3,2003-12-10 00:00:00,2004-01-07 00:00:00,2003-12-19 00:00:00,2,91.28,黎先生,屏東縣永大路4號,屏東縣,永大,60528,
10773,ERNSH,1,2003-12-11 00:00:00,2004-01-08 00:00:00,2003-12-16 00:00:00,3,96.43,王先生,台北縣北新路11號,台北縣,北新,80102,
10774,FOLKO,4,2003-12-11 00:00:00,2003-12-25 00:00:00,2003-12-12 00:00:00,1,48.2,陳先生,台北市北平東路64號,台北市,北平,10607,
10775,THECR,7,2003-12-12 00:00:00,2004-01-09 00:00:00,2003-12-26 00:00:00,1,20.25,劉先生,台中市仁愛路二段120號,台中市,仁愛,59801,
10776,ERNSH,1,2003-12-15 00:00:00,2004-01-12 00:00:00,2003-12-18 00:00:00,3,351.53,王先生,台北縣北新路11號,台北縣,北新,80102,
10777,GOURL,7,2003-12-15 00:00:00,2003-12-29 00:00:00,2004-01-21 00:00:00,2,3.01,劉先生,桃園縣富國路42號,桃園縣,富國,10608,
10778,BERGS,3,2003-12-16 00:00:00,2004-01-13 00:00:00,2003-12-24 00:00:00,1,6.79,李先生,花蓮市花蓮路98號,花蓮市,花蓮,10607,
10779,MORGK,3,2003-12-16 00:00:00,2004-01-13 00:00:00,2004-01-14 00:00:00,2,58.13,方建文,宜蘭市經國路55號,宜蘭市,經國,04179,
10780,LILAS,2,2003-12-16 00:00:00,2003-12-30 00:00:00,2003-12-25 00:00:00,1,42.13,陳玉美,桃園縣富國路77號,桃園縣,富國,35082,
10781,WARTH,2,2003-12-17 00:00:00,2004-01-14 00:00:00,2003-12-19 00:00:00,3,73.16,成先生,台中市中港路一段78號,台中市,中港,90110,
10782,CACTU,9,2003-12-17 00:00:00,2004-01-14 00:00:00,2003-12-22 00:00:00,3,1.1,李先生,南投縣南投路5號,南投縣,南投,10102,
10783,HANAR,4,2003-12-18 00:00:00,2004-01-15 00:00:00,2003-12-19 00:00:00,2,124.98,謝小姐,高雄市中正路一段12號,高雄市,中正,10608,
10784,MAGAA,4,2003-12-18 00:00:00,2004-01-15 00:00:00,2003-12-22 00:00:00,3,70.09,王炫皓,高雄市中正路一段12號,高雄市,中正,24100,
10785,GROSR,1,2003-12-18 00:00:00,2004-01-15 00:00:00,2003-12-24 00:00:00,3,1.51,劉先生,台中市仁愛路二段120號,台中市,仁愛,10812,
10786,QUEEN,8,2003-12-19 00:00:00,2004-01-16 00:00:00,2003-12-23 00:00:00,1,110.87,方先生,台北市忠孝東路四段32號,台北市,忠孝,10608,
10787,LAMAI,2,2003-12-19 00:00:00,2004-01-02 00:00:00,2003-12-26 00:00:00,1,249.93,蘇先生,新竹市竹北路8號,新竹市,竹北,31000,
10788,QUICK,1,2003-12-22 00:00:00,2004-01-19 00:00:00,2004-01-19 00:00:00,2,42.7,劉先生,台中市仁愛路二段120號,台中市,仁愛,01307,
10789,FOLIG,1,2003-12-22 00:00:00,2004-01-19 00:00:00,2003-12-31 00:00:00,2,100.6,方先生,新竹市永平路7號,新竹市,永平,59000,
10790,GOURL,6,2003-12-22 00:00:00,2004-01-19 00:00:00,2003-12-26 00:00:00,1,28.23,劉先生,桃園縣富國路42號,桃園縣,富國,10608,
10791,FRANK,6,2003-12-23 00:00:00,2004-01-20 00:00:00,2004-01-01 00:00:00,2,16.85,余小姐,台北市北平東路42號3樓之一,台北市,北平,80805,
10792,WOLZA,1,2003-12-23 00:00:00,2004-01-20 00:00:00,2003-12-31 00:00:00,3,23.79,吳小姐,桃園縣富國路42號,桃園縣,富國,10608,
10793,AROUT,3,2003-12-24 00:00:00,2004-01-21 00:00:00,2004-01-08 00:00:00,3,4.52,王先生,台北縣中新路11號,台北縣,中新,10607,
10794,QUEDE,6,2003-12-24 00:00:00,2004-01-21 00:00:00,2004-01-02 00:00:00,1,21.49,劉先生,桃園縣富國路42號,桃園縣,富國,10608,
10795,ERNSH,8,2003-12-24 00:00:00,2004-01-21 00:00:00,2004-01-20 00:00:00,2,126.66,王先生,台北縣北新路11號,台北縣,北新,80102,
10796,HILAA,3,2003-12-25 00:00:00,2004-01-22 00:00:00,2004-01-14 00:00:00,1,26.52,王先生,台北縣中新路11號,台北縣,中新,50222,
10797,DRACD,7,2003-12-25 00:00:00,2004-01-22 00:00:00,2004-01-05 00:00:00,2,33.35,方先生,台北市忠孝東路三段2號,台北市,忠孝,52066,
10798,ISLAT,2,2003-12-26 00:00:00,2004-01-23 00:00:00,2004-01-05 00:00:00,1,2.33,方先生,新竹市永平路一段1號,新竹市,永平,10607,
10799,KOENE,9,2003-12-26 00:00:00,2004-02-06 00:00:00,2004-01-05 00:00:00,3,30.76,陳先生,台北市北平東路24號,台北市,北平,14776,
10800,SEVES,1,2003-12-26 00:00:00,2004-01-23 00:00:00,2004-01-05 00:00:00,3,137.44,成先生,台中市中港路一段78號,台中市,中港,10607,
10801,BOLID,4,2003-12-29 00:00:00,2004-01-26 00:00:00,2003-12-31 00:00:00,2,97.09,劉先生,台北市北平東路24號,台北市,北平,28023,
10802,SIMOB,4,2003-12-29 00:00:00,2004-01-26 00:00:00,2004-01-02 00:00:00,2,257.26,何先生,南投縣南投路5號,南投縣,南投,17342,
10803,WELLI,4,2003-12-30 00:00:00,2004-01-27 00:00:00,2004-01-06 00:00:00,1,55.23,何先生,南投縣南投路5號,南投縣,南投,10608,
10804,SEVES,6,2003-12-30 00:00:00,2004-01-27 00:00:00,2004-01-07 00:00:00,2,27.33,成先生,台中市中港路一段78號,台中市,中港,10607,
10805,THEBI,2,2003-12-30 00:00:00,2004-01-27 00:00:00,2004-01-09 00:00:00,3,237.34,方先生,台北市忠孝東路四段32號,台北市,忠孝,97201,
10806,VICTE,3,2003-12-31 00:00:00,2004-01-28 00:00:00,2004-01-05 00:00:00,2,22.11,陳先生,台北市北平東路24號,台北市,北平,69004,
10807,FRANS,4,2003-12-31 00:00:00,2004-01-28 00:00:00,2004-01-30 00:00:00,1,1.36,成先生,台中市中港路一段78號,台中市,中港,10100,
10808,OLDWO,2,2004-01-01 00:00:00,2004-01-29 00:00:00,2004-01-09 00:00:00,3,45.53,王俊元,台北市北平東路24號3樓之一,台北市,北平,99508,
10809,WELLI,7,2004-01-01 00:00:00,2004-01-29 00:00:00,2004-01-07 00:00:00,1,4.87,何先生,南投縣南投路5號,南投縣,南投,10608,
10810,LAUGB,2,2004-01-01 00:00:00,2004-01-29 00:00:00,2004-01-07 00:00:00,3,4.33,成先生,台中市中港路一段78號,台中市,中港,10607,
10811,LINOD,8,2004-01-02 00:00:00,2004-01-30 00:00:00,2004-01-08 00:00:00,1,31.22,黃雅玲,台北市忠孝東路四段32號,台北市,忠孝,49802,
10812,REGGC,5,2004-01-02 00:00:00,2004-01-30 00:00:00,2004-01-12 00:00:00,1,59.78,徐先生,花蓮市花蓮路98號,花蓮市,花蓮,42100,
10813,RICAR,1,2004-01-05 00:00:00,2004-02-02 00:00:00,2004-01-09 00:00:00,1,47.38,周先生,宜蘭市經國路55號,宜蘭市,經國,10608,
10814,VICTE,3,2004-01-05 00:00:00,2004-02-02 00:00:00,2004-01-14 00:00:00,3,130.94,陳先生,台北市北平東路24號,台北市,北平,69004,
10815,SAVEA,2,2004-01-05 00:00:00,2004-02-02 00:00:00,2004-01-14 00:00:00,3,14.62,蘇先生,新竹市竹北路8號,新竹市,竹北,83720,
10816,GREAL,4,2004-01-06 00:00:00,2004-02-03 00:00:00,2004-02-04 00:00:00,2,719.78,方先生,台北市忠孝東路四段32號,台北市,忠孝,97403,
10817,KOENE,3,2004-01-06 00:00:00,2004-01-20 00:00:00,2004-01-13 00:00:00,2,306.07,陳先生,台北市北平東路24號,台北市,北平,14776,
10818,MAGAA,7,2004-01-07 00:00:00,2004-02-04 00:00:00,2004-01-12 00:00:00,3,65.48,王炫皓,高雄市中正路一段12號,高雄市,中正,24100,
10819,CACTU,2,2004-01-07 00:00:00,2004-02-04 00:00:00,2004-01-16 00:00:00,3,19.76,李先生,南投縣南投路5號,南投縣,南投,10102,
10820,RATTC,3,2004-01-07 00:00:00,2004-02-04 00:00:00,2004-01-13 00:00:00,2,37.52,王先生,台北縣中新路11號,台北縣,中新,87110,
10821,SPLIR,1,2004-01-08 00:00:00,2004-02-05 00:00:00,2004-01-15 00:00:00,1,36.68,唐小姐,屏東市中山路7號,屏東市,中山,82520,
10822,TRAIH,6,2004-01-08 00:00:00,2004-02-05 00:00:00,2004-01-16 00:00:00,3,7,周先生,宜蘭市經國路55號,宜蘭市,經國,98034,
10823,LILAS,5,2004-01-09 00:00:00,2004-02-06 00:00:00,2004-01-13 00:00:00,2,163.97,陳玉美,桃園縣富國路77號,桃園縣,富國,35082,
10824,FOLKO,8,2004-01-09 00:00:00,2004-02-06 00:00:00,2004-01-30 00:00:00,1,1.23,陳先生,台北市北平東路64號,台北市,北平,10607,
10825,DRACD,1,2004-01-09 00:00:00,2004-02-06 00:00:00,2004-01-14 00:00:00,1,79.25,方先生,台北市忠孝東路三段2號,台北市,忠孝,52066,
10826,BLONP,6,2004-01-12 00:00:00,2004-02-09 00:00:00,2004-02-06 00:00:00,1,7.09,方先生,新竹市永平路一段1號,新竹市,永平,67000,
10827,BONAP,1,2004-01-12 00:00:00,2004-01-26 00:00:00,2004-02-06 00:00:00,2,63.54,謝小姐,台北市北平東路24號3樓之一,台北市,北平,13008,
10828,RANCH,9,2004-01-13 00:00:00,2004-01-27 00:00:00,2004-02-04 00:00:00,1,90.85,謝小姐,高雄市中正路一段12號,高雄市,中正,10102,
10829,ISLAT,9,2004-01-13 00:00:00,2004-02-10 00:00:00,2004-01-23 00:00:00,1,154.72,方先生,新竹市永平路一段1號,新竹市,永平,10607,
10830,TRADH,4,2004-01-13 00:00:00,2004-02-24 00:00:00,2004-01-21 00:00:00,2,81.83,徐先生,花蓮市花蓮路98號,花蓮市,花蓮,10608,
10831,SANTG,3,2004-01-14 00:00:00,2004-02-11 00:00:00,2004-01-23 00:00:00,2,72.19,余小姐,台北市北平東路24號3樓之一,台北市,北平,41102,
10832,LAMAI,2,2004-01-14 00:00:00,2004-02-11 00:00:00,2004-01-19 00:00:00,2,43.26,蘇先生,新竹市竹北路8號,新竹市,竹北,31000,
10833,OTTIK,6,2004-01-15 00:00:00,2004-02-12 00:00:00,2004-01-23 00:00:00,2,71.49,徐文彬,新竹市竹北路8號,新竹市,竹北,50739,
10834,TRADH,1,2004-01-15 00:00:00,2004-02-12 00:00:00,2004-01-19 00:00:00,3,29.78,徐先生,花蓮市花蓮路98號,花蓮市,花蓮,10608,
10835,BLONP,1,2004-01-15 00:00:00,2004-02-12 00:00:00,2004-01-21 00:00:00,3,69.53,方先生,新竹市永平路一段1號,新竹市,永平,67000,
10836,ERNSH,7,2004-01-16 00:00:00,2004-02-13 00:00:00,2004-01-21 00:00:00,1,411.88,王先生,台北縣北新路11號,台北縣,北新,80102,
10837,BERGS,9,2004-01-16 00:00:00,2004-02-13 00:00:00,2004-01-23 00:00:00,3,13.32,李先生,花蓮市花蓮路98號,花蓮市,花蓮,10607,
10838,LINOD,3,2004-01-19 00:00:00,2004-02-16 00:00:00,2004-01-23 00:00:00,3,59.28,黃雅玲,台北市忠孝東路四段32號,台北市,忠孝,49802,
10839,TRADH,3,2004-01-19 00:00:00,2004-02-16 00:00:00,2004-01-22 00:00:00,3,35.43,徐先生,花蓮市花蓮路98號,花蓮市,花蓮,10608,
10840,LINOD,4,2004-01-19 00:00:00,2004-03-02 00:00:00,2004-02-16 00:00:00,2,2.71,黃雅玲,台北市忠孝東路四段32號,台北市,忠孝,49802,
10841,SUPRD,5,2004-01-20 00:00:00,2004-02-17 00:00:00,2004-01-29 00:00:00,2,424.3,劉先生,桃園縣富國路42號,桃園縣,富國,10607,
10842,TORTU,1,2004-01-20 00:00:00,2004-02-17 00:00:00,2004-01-29 00:00:00,3,54.42,王先生,台北縣中新路11號,台北縣,中新,05033,
10843,VICTE,4,2004-01-21 00:00:00,2004-02-18 00:00:00,2004-01-26 00:00:00,2,9.26,陳先生,台北市北平東路24號,台北市,北平,69004,
10844,PICCO,8,2004-01-21 00:00:00,2004-02-18 00:00:00,2004-01-26 00:00:00,2,25.22,林麗莉,屏東縣永大路4號,屏東縣,永大,50202,
10845,QUICK,8,2004-01-21 00:00:00,2004-02-04 00:00:00,2004-01-30 00:00:00,1,212.98,劉先生,台中市仁愛路二段120號,台中市,仁愛,01307,
10846,SUPRD,2,2004-01-22 00:00:00,2004-03-05 00:00:00,2004-01-23 00:00:00,3,56.46,劉先生,桃園縣富國路42號,桃園縣,富國,10607,
10847,SAVEA,4,2004-01-22 00:00:00,2004-02-05 00:00:00,2004-02-10 00:00:00,3,487.57,蘇先生,新竹市竹北路8號,新竹市,竹北,83720,
10848,CONSH,7,2004-01-23 00:00:00,2004-02-20 00:00:00,2004-01-29 00:00:00,2,38.24,劉先生,苗栗縣中正路二段二樓,苗栗縣,中正,10607,
10849,KOENE,9,2004-01-23 00:00:00,2004-02-20 00:00:00,2004-01-30 00:00:00,2,0.56,陳先生,台北市北平東路24號,台北市,北平,14776,
10850,VICTE,1,2004-01-23 00:00:00,2004-03-06 00:00:00,2004-01-30 00:00:00,1,49.19,陳先生,台北市北平東路24號,台北市,北平,69004,
10851,RICAR,5,2004-01-26 00:00:00,2004-02-23 00:00:00,2004-02-02 00:00:00,1,160.55,周先生,宜蘭市經國路55號,宜蘭市,經國,10608,
10852,RATTC,8,2004-01-26 00:00:00,2004-02-09 00:00:00,2004-01-30 00:00:00,1,174.05,王先生,台北縣中新路11號,台北縣,中新,87110,
10853,BLAUS,9,2004-01-27 00:00:00,2004-02-24 00:00:00,2004-02-03 00:00:00,2,53.83,劉先生,宜蘭市經國路55號,宜蘭市,經國,68306,
10854,ERNSH,3,2004-01-27 00:00:00,2004-02-24 00:00:00,2004-02-05 00:00:00,2,100.22,王先生,台北縣北新路11號,台北縣,北新,80102,
10855,OLDWO,3,2004-01-27 00:00:00,2004-02-24 00:00:00,2004-02-04 00:00:00,1,170.97,王俊元,台北市北平東路24號3樓之一,台北市,北平,99508,
10856,ANTON,3,2004-01-28 00:00:00,2004-02-25 00:00:00,2004-02-10 00:00:00,2,58.43,胡先生,高雄市中正路一段12號,高雄市,中正,05023,
10857,BERGS,8,2004-01-28 00:00:00,2004-02-25 00:00:00,2004-02-06 00:00:00,2,188.85,李先生,花蓮市花蓮路98號,花蓮市,花蓮,10607,
10858,LACOR,2,2004-01-29 00:00:00,2004-02-26 00:00:00,2004-02-03 00:00:00,1,52.51,余小姐,台北市北平東路24號3樓之一,台北市,北平,78000,
10859,FRANK,1,2004-01-29 00:00:00,2004-02-26 00:00:00,2004-02-02 00:00:00,2,76.1,余小姐,台北市北平東路42號3樓之一,台北市,北平,80805,
10860,FRANR,3,2004-01-29 00:00:00,2004-02-26 00:00:00,2004-02-04 00:00:00,3,19.26,蘇先生,新竹市竹北路8號,新竹市,竹北,44000,
10861,WHITC,4,2004-01-30 00:00:00,2004-02-27 00:00:00,2004-02-17 00:00:00,2,14.93,黎先生,屏東縣永大路4號,屏東縣,永大,98124,
10862,LEHMS,8,2004-01-30 00:00:00,2004-03-13 00:00:00,2004-02-02 00:00:00,2,53.23,黎先生,屏東縣永大路4號,屏東縣,永大,60528,
10863,HILAA,4,2004-02-02 00:00:00,2004-03-02 00:00:00,2004-02-17 00:00:00,2,30.26,王先生,台北縣中新路11號,台北縣,中新,50222,
10864,AROUT,4,2004-02-02 00:00:00,2004-03-02 00:00:00,2004-02-09 00:00:00,2,3.04,王先生,台北縣中新路11號,台北縣,中新,10607,
10865,QUICK,2,2004-02-02 00:00:00,2004-02-16 00:00:00,2004-02-12 00:00:00,1,348.14,劉先生,台中市仁愛路二段120號,台中市,仁愛,01307,
10866,BERGS,5,2004-02-03 00:00:00,2004-03-03 00:00:00,2004-02-12 00:00:00,1,109.11,李先生,花蓮市花蓮路98號,花蓮市,花蓮,10607,
10867,LONEP,6,2004-02-03 00:00:00,2004-03-17 00:00:00,2004-02-11 00:00:00,1,1.93,胡繼堯,台中市仁愛路二段120號,台中市,仁愛,97219,
10868,QUEEN,7,2004-02-04 00:00:00,2004-03-04 00:00:00,2004-02-23 00:00:00,2,191.27,方先生,台北市忠孝東路四段32號,台北市,忠孝,10608,
10869,SEVES,5,2004-02-04 00:00:00,2004-03-04 00:00:00,2004-02-09 00:00:00,1,143.28,成先生,台中市中港路一段78號,台中市,中港,10607,
10870,WOLZA,5,2004-02-04 00:00:00,2004-03-04 00:00:00,2004-02-13 00:00:00,3,12.04,吳小姐,桃園縣富國路42號,桃園縣,富國,10608,
10871,BONAP,9,2004-02-05 00:00:00,2004-03-05 00:00:00,2004-02-10 00:00:00,2,112.27,謝小姐,台北市北平東路24號3樓之一,台北市,北平,13008,
10872,GODOS,5,2004-02-05 00:00:00,2004-03-05 00:00:00,2004-02-09 00:00:00,2,175.32,鍾小姐,屏東市中山路7號,屏東市,中山,41101,
10873,WILMK,4,2004-02-06 00:00:00,2004-03-06 00:00:00,2004-02-09 00:00:00,1,0.82,唐小姐,屏東市中山路7號,屏東市,中山,21240,
10874,GODOS,5,2004-02-06 00:00:00,2004-03-06 00:00:00,2004-02-11 00:00:00,2,19.58,鍾小姐,屏東市中山路7號,屏東市,中山,41101,
10875,BERGS,4,2004-02-06 00:00:00,2004-03-06 00:00:00,2004-03-03 00:00:00,2,32.37,李先生,花蓮市花蓮路98號,花蓮市,花蓮,10607,
10876,BONAP,7,2004-02-09 00:00:00,2004-03-09 00:00:00,2004-02-12 00:00:00,3,60.42,謝小姐,台北市北平東路24號3樓之一,台北市,北平,13008,
10877,RICAR,1,2004-02-09 00:00:00,2004-03-09 00:00:00,2004-02-19 00:00:00,1,38.06,周先生,宜蘭市經國路55號,宜蘭市,經國,10608,
10878,QUICK,4,2004-02-10 00:00:00,2004-03-10 00:00:00,2004-02-12 00:00:00,1,46.69,劉先生,台中市仁愛路二段120號,台中市,仁愛,01307,
10879,WILMK,3,2004-02-10 00:00:00,2004-03-10 00:00:00,2004-02-12 00:00:00,3,8.5,唐小姐,屏東市中山路7號,屏東市,中山,21240,
10880,FOLKO,7,2004-02-10 00:00:00,2004-03-24 00:00:00,2004-02-18 00:00:00,1,88.01,陳先生,台北市北平東路64號,台北市,北平,10607,
10881,CACTU,4,2004-02-11 00:00:00,2004-03-11 00:00:00,2004-02-18 00:00:00,1,2.84,李先生,南投縣南投路5號,南投縣,南投,10102,
10882,SAVEA,4,2004-02-11 00:00:00,2004-03-11 00:00:00,2004-02-20 00:00:00,3,23.1,蘇先生,新竹市竹北路8號,新竹市,竹北,83720,
10883,LONEP,8,2004-02-12 00:00:00,2004-03-12 00:00:00,2004-02-20 00:00:00,3,0.53,胡繼堯,台中市仁愛路二段120號,台中市,仁愛,97219,
10884,LETSS,4,2004-02-12 00:00:00,2004-03-12 00:00:00,2004-02-13 00:00:00,2,90.97,唐小姐,屏東市中山路7號,屏東市,中山,94117,
10885,SUPRD,6,2004-02-12 00:00:00,2004-03-12 00:00:00,2004-02-18 00:00:00,3,5.64,劉先生,桃園縣富國路42號,桃園縣,富國,10607,
10886,HANAR,1,2004-02-13 00:00:00,2004-03-13 00:00:00,2004-03-02 00:00:00,1,4.99,謝小姐,高雄市中正路一段12號,高雄市,中正,10608,
10887,GALED,8,2004-02-13 00:00:00,2004-03-13 00:00:00,2004-02-16 00:00:00,3,1.25,林小姐,屏東縣永大路4號,屏東縣,永大,80222,
10888,GODOS,1,2004-02-16 00:00:00,2004-03-16 00:00:00,2004-02-23 00:00:00,2,51.87,鍾小姐,屏東市中山路7號,屏東市,中山,41101,
10889,RATTC,9,2004-02-16 00:00:00,2004-03-16 00:00:00,2004-02-23 00:00:00,3,280.61,王先生,台北縣中新路11號,台北縣,中新,87110,
10890,DUMON,7,2004-02-16 00:00:00,2004-03-16 00:00:00,2004-02-18 00:00:00,1,32.76,劉先生,台中市仁愛路四段180號,台中市,仁愛,44000,
10891,LEHMS,7,2004-02-17 00:00:00,2004-03-17 00:00:00,2004-02-19 00:00:00,2,20.37,黎先生,屏東縣永大路4號,屏東縣,永大,60528,
10892,MAISD,4,2004-02-17 00:00:00,2004-03-17 00:00:00,2004-02-19 00:00:00,2,120.27,李柏麟,台北縣中新路11號,台北縣,中新,10607,
10893,KOENE,9,2004-02-18 00:00:00,2004-03-18 00:00:00,2004-02-20 00:00:00,2,77.78,陳先生,台北市北平東路24號,台北市,北平,14776,
10894,SAVEA,1,2004-02-18 00:00:00,2004-03-18 00:00:00,2004-02-20 00:00:00,1,116.13,蘇先生,新竹市竹北路8號,新竹市,竹北,83720,
10895,ERNSH,3,2004-02-18 00:00:00,2004-03-18 00:00:00,2004-02-23 00:00:00,1,162.75,王先生,台北縣北新路11號,台北縣,北新,80102,
10896,MAISD,7,2004-02-19 00:00:00,2004-03-19 00:00:00,2004-02-27 00:00:00,3,32.45,李柏麟,台北縣中新路11號,台北縣,中新,10607,
10897,HUNGO,3,2004-02-19 00:00:00,2004-03-19 00:00:00,2004-02-25 00:00:00,2,603.54,周先生,宜蘭市經國路55號,宜蘭市,經國,10609,
10898,OCEAN,4,2004-02-20 00:00:00,2004-03-20 00:00:00,2004-03-06 00:00:00,2,1.27,謝麗秋,台北市北平東路24號,台北市,北平,10102,
10899,LILAS,5,2004-02-20 00:00:00,2004-03-20 00:00:00,2004-02-26 00:00:00,3,1.21,陳玉美,桃園縣富國路77號,桃園縣,富國,35082,
10900,WELLI,1,2004-02-20 00:00:00,2004-03-20 00:00:00,2004-03-04 00:00:00,2,1.66,何先生,南投縣南投路5號,南投縣,南投,10608,
10901,HILAA,4,2004-02-23 00:00:00,2004-03-23 00:00:00,2004-02-26 00:00:00,1,62.09,王先生,台北縣中新路11號,台北縣,中新,50222,
10902,FOLKO,1,2004-02-23 00:00:00,2004-03-23 00:00:00,2004-03-03 00:00:00,1,44.15,陳先生,台北市北平東路64號,台北市,北平,10607,
10903,HANAR,3,2004-02-24 00:00:00,2004-03-24 00:00:00,2004-03-04 00:00:00,3,36.71,謝小姐,高雄市中正路一段12號,高雄市,中正,10608,
10904,WHITC,3,2004-02-24 00:00:00,2004-03-24 00:00:00,2004-02-27 00:00:00,3,162.95,黎先生,屏東縣永大路4號,屏東縣,永大,98124,
10905,WELLI,9,2004-02-24 00:00:00,2004-03-24 00:00:00,2004-03-06 00:00:00,2,13.72,何先生,南投縣南投路5號,南投縣,南投,10608,
10906,WOLZA,4,2004-02-25 00:00:00,2004-03-11 00:00:00,2004-03-03 00:00:00,3,26.29,吳小姐,桃園縣富國路42號,桃園縣,富國,10608,
10907,SPECD,6,2004-02-25 00:00:00,2004-03-25 00:00:00,2004-02-27 00:00:00,3,9.19,黎先生,屏東縣永大路4號,屏東縣,永大,75016,
10908,REGGC,4,2004-02-26 00:00:00,2004-03-26 00:00:00,2004-03-06 00:00:00,2,32.96,徐先生,花蓮市花蓮路98號,花蓮市,花蓮,42100,
10909,SANTG,1,2004-02-26 00:00:00,2004-03-26 00:00:00,2004-03-10 00:00:00,2,53.05,余小姐,台北市北平東路24號3樓之一,台北市,北平,41102,
10910,WILMK,1,2004-02-26 00:00:00,2004-03-26 00:00:00,2004-03-04 00:00:00,3,38.11,唐小姐,屏東市中山路7號,屏東市,中山,21240,
10911,GODOS,3,2004-02-26 00:00:00,2004-03-26 00:00:00,2004-03-05 00:00:00,1,38.19,鍾小姐,屏東市中山路7號,屏東市,中山,41101,
10912,HUNGO,2,2004-02-26 00:00:00,2004-03-26 00:00:00,2004-03-18 00:00:00,2,580.91,周先生,宜蘭市經國路55號,宜蘭市,經國,10609,
10913,QUEEN,4,2004-02-26 00:00:00,2004-03-26 00:00:00,2004-03-04 00:00:00,1,33.05,方先生,台北市忠孝東路四段32號,台北市,忠孝,10608,
10914,QUEEN,6,2004-02-27 00:00:00,2004-03-27 00:00:00,2004-03-02 00:00:00,1,21.19,方先生,台北市忠孝東路四段32號,台北市,忠孝,10608,
10915,TORTU,2,2004-02-27 00:00:00,2004-03-27 00:00:00,2004-03-02 00:00:00,2,3.51,王先生,台北縣中新路11號,台北縣,中新,05033,
10916,RANCH,1,2004-02-27 00:00:00,2004-03-27 00:00:00,2004-03-09 00:00:00,2,63.77,謝小姐,高雄市中正路一段12號,高雄市,中正,10102,
10917,ROMEY,4,2004-03-02 00:00:00,2004-03-30 00:00:00,2004-03-11 00:00:00,2,8.29,陳先生,台北市北平東路24號,台北市,北平,28001,
10918,BOTTM,3,2004-03-02 00:00:00,2004-03-30 00:00:00,2004-03-11 00:00:00,3,48.83,王先生,新竹市竹北路8號,新竹市,竹北,10607,
10919,LINOD,2,2004-03-02 00:00:00,2004-03-30 00:00:00,2004-03-04 00:00:00,2,19.8,黃雅玲,台北市忠孝東路四段32號,台北市,忠孝,49802,
10920,AROUT,4,2004-03-03 00:00:00,2004-03-31 00:00:00,2004-03-09 00:00:00,2,29.61,王先生,台北縣中新路11號,台北縣,中新,10607,
10921,VAFFE,1,2004-03-03 00:00:00,2004-04-14 00:00:00,2004-03-09 00:00:00,1,176.48,方先生,新竹市永平路一段1號,新竹市,永平,82002,
10922,HANAR,5,2004-03-03 00:00:00,2004-03-31 00:00:00,2004-03-05 00:00:00,3,62.74,謝小姐,高雄市中正路一段12號,高雄市,中正,10608,
10923,LAMAI,7,2004-03-03 00:00:00,2004-04-14 00:00:00,2004-03-13 00:00:00,3,68.26,蘇先生,新竹市竹北路8號,新竹市,竹北,31000,
10924,BERGS,3,2004-03-04 00:00:00,2004-04-01 00:00:00,2004-04-08 00:00:00,2,151.52,李先生,花蓮市花蓮路98號,花蓮市,花蓮,10607,
10925,HANAR,3,2004-03-04 00:00:00,2004-04-01 00:00:00,2004-03-13 00:00:00,1,2.27,謝小姐,高雄市中正路一段12號,高雄市,中正,10608,
10926,ANATR,4,2004-03-04 00:00:00,2004-04-01 00:00:00,2004-03-11 00:00:00,3,39.92,黃小姐,台中市仁愛路二段120號,台中市,仁愛,05021,
10927,LACOR,4,2004-03-05 00:00:00,2004-04-02 00:00:00,2004-04-08 00:00:00,1,19.79,余小姐,台北市北平東路24號3樓之一,台北市,北平,78000,
10928,GALED,1,2004-03-05 00:00:00,2004-04-02 00:00:00,2004-03-18 00:00:00,1,1.36,林小姐,屏東縣永大路4號,屏東縣,永大,80222,
10929,FRANK,6,2004-03-05 00:00:00,2004-04-02 00:00:00,2004-03-12 00:00:00,1,33.93,余小姐,台北市北平東路42號3樓之一,台北市,北平,80805,
10930,SUPRD,4,2004-03-06 00:00:00,2004-04-17 00:00:00,2004-03-18 00:00:00,3,15.55,劉先生,桃園縣富國路42號,桃園縣,富國,10607,
10931,RICSU,4,2004-03-06 00:00:00,2004-03-20 00:00:00,2004-03-19 00:00:00,2,13.6,方先生,新竹市永平路一段1號,新竹市,永平,12042,
10932,BONAP,8,2004-03-06 00:00:00,2004-04-03 00:00:00,2004-03-24 00:00:00,1,134.64,謝小姐,台北市北平東路24號3樓之一,台北市,北平,13008,
10933,ISLAT,6,2004-03-06 00:00:00,2004-04-03 00:00:00,2004-03-16 00:00:00,3,54.15,方先生,新竹市永平路一段1號,新竹市,永平,10607,
10934,LEHMS,3,2004-03-09 00:00:00,2004-04-06 00:00:00,2004-03-12 00:00:00,3,32.01,黎先生,屏東縣永大路4號,屏東縣,永大,60528,
10935,WELLI,4,2004-03-09 00:00:00,2004-04-06 00:00:00,2004-03-18 00:00:00,3,47.59,何先生,南投縣南投路5號,南投縣,南投,10608,
10936,GREAL,3,2004-03-09 00:00:00,2004-04-06 00:00:00,2004-03-18 00:00:00,2,33.68,方先生,台北市忠孝東路四段32號,台北市,忠孝,97403,
10937,CACTU,7,2004-03-10 00:00:00,2004-03-24 00:00:00,2004-03-13 00:00:00,3,31.51,李先生,南投縣南投路5號,南投縣,南投,10102,
10938,QUICK,3,2004-03-10 00:00:00,2004-04-07 00:00:00,2004-03-16 00:00:00,2,31.89,劉先生,台中市仁愛路二段120號,台中市,仁愛,01307,
10939,MAGAA,2,2004-03-10 00:00:00,2004-04-07 00:00:00,2004-03-13 00:00:00,2,76.33,王炫皓,高雄市中正路一段12號,高雄市,中正,24100,
10940,BONAP,8,2004-03-11 00:00:00,2004-04-08 00:00:00,2004-03-23 00:00:00,3,19.77,謝小姐,台北市北平東路24號3樓之一,台北市,北平,13008,
10941,SAVEA,7,2004-03-11 00:00:00,2004-04-08 00:00:00,2004-03-20 00:00:00,2,400.81,蘇先生,新竹市竹北路8號,新竹市,竹北,83720,
10942,REGGC,9,2004-03-11 00:00:00,2004-04-08 00:00:00,2004-03-18 00:00:00,3,17.95,徐先生,花蓮市花蓮路98號,花蓮市,花蓮,42100,
10943,BSBEV,4,2004-03-11 00:00:00,2004-04-08 00:00:00,2004-03-19 00:00:00,2,2.17,徐先生,台中市中港路一段78號,台中市,中港,10607,
10944,BOTTM,6,2004-03-12 00:00:00,2004-03-26 00:00:00,2004-03-13 00:00:00,3,52.92,王先生,新竹市竹北路8號,新竹市,竹北,10607,
10945,MORGK,4,2004-03-12 00:00:00,2004-04-09 00:00:00,2004-03-18 00:00:00,1,10.22,方建文,宜蘭市經國路55號,宜蘭市,經國,04179,
10946,VAFFE,1,2004-03-12 00:00:00,2004-04-09 00:00:00,2004-03-19 00:00:00,2,27.2,方先生,新竹市永平路一段1號,新竹市,永平,82002,
10947,BSBEV,3,2004-03-13 00:00:00,2004-04-10 00:00:00,2004-03-16 00:00:00,2,3.26,徐先生,台中市中港路一段78號,台中市,中港,10607,
10948,GODOS,3,2004-03-13 00:00:00,2004-04-10 00:00:00,2004-03-19 00:00:00,3,23.39,鍾小姐,屏東市中山路7號,屏東市,中山,41101,
10949,BOTTM,2,2004-03-13 00:00:00,2004-04-10 00:00:00,2004-03-17 00:00:00,3,74.44,王先生,新竹市竹北路8號,新竹市,竹北,10607,
10950,MAGAA,1,2004-03-16 00:00:00,2004-04-13 00:00:00,2004-03-23 00:00:00,2,2.5,王炫皓,高雄市中正路一段12號,高雄市,中正,24100,
10951,RICSU,9,2004-03-16 00:00:00,2004-04-27 00:00:00,2004-04-07 00:00:00,2,30.85,方先生,新竹市永平路一段1號,新竹市,永平,12042,
10952,ANATR,1,2004-03-16 00:00:00,2004-04-27 00:00:00,2004-03-24 00:00:00,1,40.42,黃小姐,台中市仁愛路二段120號,台中市,仁愛,05021,
10953,AROUT,9,2004-03-16 00:00:00,2004-03-30 00:00:00,2004-03-25 00:00:00,2,23.72,王先生,台北縣中新路11號,台北縣,中新,10607,
10954,LINOD,5,2004-03-17 00:00:00,2004-04-28 00:00:00,2004-03-20 00:00:00,1,27.91,黃雅玲,台北市忠孝東路四段32號,台北市,忠孝,49802,
10955,FOLKO,8,2004-03-17 00:00:00,2004-04-14 00:00:00,2004-03-20 00:00:00,2,3.26,陳先生,台北市北平東路64號,台北市,北平,10607,
10956,BLAUS,6,2004-03-17 00:00:00,2004-04-28 00:00:00,2004-03-20 00:00:00,2,44.65,劉先生,宜蘭市經國路55號,宜蘭市,經國,68306,
10957,HILAA,8,2004-03-18 00:00:00,2004-04-15 00:00:00,2004-03-27 00:00:00,3,105.36,王先生,台北縣中新路11號,台北縣,中新,50222,
10958,OCEAN,7,2004-03-18 00:00:00,2004-04-15 00:00:00,2004-03-27 00:00:00,2,49.56,謝麗秋,台北市北平東路24號,台北市,北平,10102,
10959,GOURL,6,2004-03-18 00:00:00,2004-04-29 00:00:00,2004-03-23 00:00:00,2,4.98,劉先生,桃園縣富國路42號,桃園縣,富國,10608,
10960,HILAA,3,2004-03-19 00:00:00,2004-04-02 00:00:00,2004-04-08 00:00:00,1,2.08,王先生,台北縣中新路11號,台北縣,中新,50222,
10961,QUEEN,8,2004-03-19 00:00:00,2004-04-16 00:00:00,2004-03-30 00:00:00,1,104.47,方先生,台北市忠孝東路四段32號,台北市,忠孝,10608,
10962,QUICK,8,2004-03-19 00:00:00,2004-04-16 00:00:00,2004-03-23 00:00:00,2,275.79,劉先生,台中市仁愛路二段120號,台中市,仁愛,01307,
10963,FURIB,9,2004-03-19 00:00:00,2004-04-16 00:00:00,2004-03-26 00:00:00,3,2.7,林小姐,南投縣南投路5號,南投縣,南投,16752,
10964,SPECD,3,2004-03-20 00:00:00,2004-04-17 00:00:00,2004-03-24 00:00:00,2,87.38,黎先生,屏東縣永大路4號,屏東縣,永大,75016,
10965,OLDWO,6,2004-03-20 00:00:00,2004-04-17 00:00:00,2004-03-30 00:00:00,3,144.38,王俊元,台北市北平東路24號3樓之一,台北市,北平,99508,
10966,CHOPS,4,2004-03-20 00:00:00,2004-04-17 00:00:00,2004-04-08 00:00:00,1,27.19,林小姐,屏東市中山路7號,屏東市,中山,30122,
10967,TOMSP,2,2004-03-23 00:00:00,2004-04-20 00:00:00,2004-04-02 00:00:00,2,62.22,謝小姐,高雄市中正路一段12號,高雄市,中正,44087,
10968,ERNSH,1,2004-03-23 00:00:00,2004-04-20 00:00:00,2004-04-01 00:00:00,3,74.6,王先生,台北縣北新路11號,台北縣,北新,80102,
10969,COMMI,1,2004-03-23 00:00:00,2004-04-20 00:00:00,2004-03-30 00:00:00,2,0.21,鍾小姐,桃園縣富國路42號,桃園縣,富國,10608,
10970,BOLID,9,2004-03-24 00:00:00,2004-04-07 00:00:00,2004-04-24 00:00:00,1,16.16,劉先生,台北市北平東路24號,台北市,北平,28023,
10971,FRANR,2,2004-03-24 00:00:00,2004-04-21 00:00:00,2004-04-02 00:00:00,2,121.82,蘇先生,新竹市竹北路8號,新竹市,竹北,44000,
10972,LACOR,4,2004-03-24 00:00:00,2004-04-21 00:00:00,2004-03-26 00:00:00,2,0.02,余小姐,台北市北平東路24號3樓之一,台北市,北平,78000,
10973,LACOR,6,2004-03-24 00:00:00,2004-04-21 00:00:00,2004-03-27 00:00:00,2,15.17,余小姐,台北市北平東路24號3樓之一,台北市,北平,78000,
10974,SPLIR,3,2004-03-25 00:00:00,2004-04-08 00:00:00,2004-04-03 00:00:00,3,12.96,唐小姐,屏東市中山路7號,屏東市,中山,82520,
10975,BOTTM,1,2004-03-25 00:00:00,2004-04-22 00:00:00,2004-03-27 00:00:00,3,32.27,王先生,新竹市竹北路8號,新竹市,竹北,10607,
10976,HILAA,1,2004-03-25 00:00:00,2004-05-06 00:00:00,2004-04-03 00:00:00,1,37.97,王先生,台北縣中新路11號,台北縣,中新,50222,
10977,FOLKO,8,2004-03-26 00:00:00,2004-04-23 00:00:00,2004-04-10 00:00:00,3,208.5,陳先生,台北市北平東路64號,台北市,北平,10607,
10978,MAISD,9,2004-03-26 00:00:00,2004-04-23 00:00:00,2004-04-23 00:00:00,2,32.82,李柏麟,台北縣中新路11號,台北縣,中新,10607,
10979,ERNSH,8,2004-03-26 00:00:00,2004-04-23 00:00:00,2004-03-31 00:00:00,2,353.07,王先生,台北縣北新路11號,台北縣,北新,80102,
10980,FOLKO,4,2004-03-27 00:00:00,2004-05-08 00:00:00,2004-04-17 00:00:00,1,1.26,陳先生,台北市北平東路64號,台北市,北平,10607,
10981,HANAR,1,2004-03-27 00:00:00,2004-04-24 00:00:00,2004-04-02 00:00:00,2,193.37,謝小姐,高雄市中正路一段12號,高雄市,中正,10608,
10982,BOTTM,2,2004-03-27 00:00:00,2004-04-24 00:00:00,2004-04-08 00:00:00,1,14.01,王先生,新竹市竹北路8號,新竹市,竹北,10607,
10983,SAVEA,2,2004-03-27 00:00:00,2004-04-24 00:00:00,2004-04-06 00:00:00,2,657.54,蘇先生,新竹市竹北路8號,新竹市,竹北,83720,
10984,SAVEA,1,2004-03-30 00:00:00,2004-04-27 00:00:00,2004-04-03 00:00:00,3,211.22,蘇先生,新竹市竹北路8號,新竹市,竹北,83720,
10985,HUNGO,2,2004-03-30 00:00:00,2004-04-27 00:00:00,2004-04-02 00:00:00,1,91.51,周先生,宜蘭市經國路55號,宜蘭市,經國,10609,
10986,OCEAN,8,2004-03-30 00:00:00,2004-04-27 00:00:00,2004-04-21 00:00:00,2,217.86,謝麗秋,台北市北平東路24號,台北市,北平,10102,
10987,EASTC,8,2004-03-31 00:00:00,2004-04-28 00:00:00,2004-04-06 00:00:00,1,185.48,謝小姐,高雄市中正路四|段65號,高雄市,中正,10607,
10988,RATTC,3,2004-03-31 00:00:00,2004-04-28 00:00:00,2004-04-10 00:00:00,2,61.14,王先生,台北縣中新路11號,台北縣,中新,87110,
10989,QUEDE,2,2004-03-31 00:00:00,2004-04-28 00:00:00,2004-04-02 00:00:00,1,34.76,劉先生,桃園縣富國路42號,桃園縣,富國,10608,
10990,ERNSH,2,2004-04-01 00:00:00,2004-05-13 00:00:00,2004-04-07 00:00:00,3,117.61,王先生,台北縣北新路11號,台北縣,北新,80102,
10991,QUICK,1,2004-04-01 00:00:00,2004-04-29 00:00:00,2004-04-07 00:00:00,1,38.51,劉先生,台中市仁愛路二段120號,台中市,仁愛,01307,
10992,THEBI,1,2004-04-01 00:00:00,2004-04-29 00:00:00,2004-04-03 00:00:00,3,4.27,方先生,台北市忠孝東路四段32號,台北市,忠孝,97201,
10993,FOLKO,7,2004-04-01 00:00:00,2004-04-29 00:00:00,2004-04-10 00:00:00,3,8.81,陳先生,台北市北平東路64號,台北市,北平,10607,
10994,VAFFE,2,2004-04-02 00:00:00,2004-04-16 00:00:00,2004-04-09 00:00:00,3,65.53,方先生,新竹市永平路一段1號,新竹市,永平,82002,
10995,PERIC,1,2004-04-02 00:00:00,2004-04-30 00:00:00,2004-04-06 00:00:00,3,46,林慧音,南投縣南投路5號,南投縣,南投,05033,
10996,QUICK,4,2004-04-02 00:00:00,2004-04-30 00:00:00,2004-04-10 00:00:00,2,1.12,劉先生,台中市仁愛路二段120號,台中市,仁愛,01307,
10997,LILAS,8,2004-04-03 00:00:00,2004-05-15 00:00:00,2004-04-13 00:00:00,2,73.91,陳玉美,桃園縣富國路77號,桃園縣,富國,35082,
10998,WOLZA,8,2004-04-03 00:00:00,2004-04-17 00:00:00,2004-04-17 00:00:00,2,20.31,吳小姐,桃園縣富國路42號,桃園縣,富國,10608,
10999,OTTIK,6,2004-04-03 00:00:00,2004-05-01 00:00:00,2004-04-10 00:00:00,2,96.35,徐文彬,新竹市竹北路8號,新竹市,竹北,50739,
11000,RATTC,2,2004-04-06 00:00:00,2004-05-04 00:00:00,2004-04-14 00:00:00,3,55.12,王先生,台北縣中新路11號,台北縣,中新,87110,
11001,FOLKO,2,2004-04-06 00:00:00,2004-05-04 00:00:00,2004-04-14 00:00:00,2,197.3,陳先生,台北市北平東路64號,台北市,北平,10607,
11002,SAVEA,4,2004-04-06 00:00:00,2004-05-04 00:00:00,2004-04-16 00:00:00,1,141.16,蘇先生,新竹市竹北路8號,新竹市,竹北,83720,
11003,THECR,3,2004-04-06 00:00:00,2004-05-04 00:00:00,2004-04-08 00:00:00,3,14.91,劉先生,台中市仁愛路二段120號,台中市,仁愛,59801,
11004,MAISD,3,2004-04-07 00:00:00,2004-05-05 00:00:00,2004-04-20 00:00:00,1,44.84,李柏麟,台北縣中新路11號,台北縣,中新,10607,
11005,WILMK,2,2004-04-07 00:00:00,2004-05-05 00:00:00,2004-04-10 00:00:00,1,0.75,唐小姐,屏東市中山路7號,屏東市,中山,21240,
11006,GREAL,3,2004-04-07 00:00:00,2004-05-05 00:00:00,2004-04-15 00:00:00,2,25.19,方先生,台北市忠孝東路四段32號,台北市,忠孝,97403,
11007,PRINI,8,2004-04-08 00:00:00,2004-05-06 00:00:00,2004-04-13 00:00:00,2,202.24,鍾彩瑜,屏東市中山路7號,屏東市,中山,17562,
11008,ERNSH,7,2004-04-08 00:00:00,2004-05-06 00:00:00,,3,79.46,王先生,台北縣北新路11號,台北縣,北新,80102,
11009,GODOS,2,2004-04-08 00:00:00,2004-05-06 00:00:00,2004-04-10 00:00:00,1,59.11,鍾小姐,屏東市中山路7號,屏東市,中山,41101,
11010,REGGC,2,2004-04-09 00:00:00,2004-05-07 00:00:00,2004-04-21 00:00:00,2,28.71,徐先生,花蓮市花蓮路98號,花蓮市,花蓮,42100,
11011,CENTC,13,2004-04-09 00:00:00,2004-05-07 00:00:00,2004-04-13 00:00:00,1,1.21,陳小姐,台北市忠孝東路四段32號,台北市,忠孝,12209,
11012,FRANK,1,2004-04-09 00:00:00,2004-04-23 00:00:00,2004-04-17 00:00:00,3,242.95,余小姐,台北市北平東路42號3樓之一,台北市,北平,80805,
11013,ROMEY,2,2004-04-09 00:00:00,2004-05-07 00:00:00,2004-04-10 00:00:00,1,32.99,陳先生,台北市北平東路24號,台北市,北平,28001,
11014,LINOD,2,2004-04-10 00:00:00,2004-05-08 00:00:00,2004-04-15 00:00:00,3,23.6,黃雅玲,台北市忠孝東路四段32號,台北市,忠孝,49802,
11015,SANTG,2,2004-04-10 00:00:00,2004-04-24 00:00:00,2004-04-20 00:00:00,2,4.62,余小姐,台北市北平東路24號3樓之一,台北市,北平,41102,
11016,AROUT,9,2004-04-10 00:00:00,2004-05-08 00:00:00,2004-04-13 00:00:00,2,33.8,王先生,台北縣中新路11號,台北縣,中新,10607,
11017,ERNSH,9,2004-04-13 00:00:00,2004-05-11 00:00:00,2004-04-20 00:00:00,2,754.26,王先生,台北縣北新路11號,台北縣,北新,80102,
11018,LONEP,4,2004-04-13 00:00:00,2004-05-11 00:00:00,2004-04-16 00:00:00,2,11.65,胡繼堯,台中市仁愛路二段120號,台中市,仁愛,97219,
11019,RANCH,6,2004-04-13 00:00:00,2004-05-11 00:00:00,,3,3.17,謝小姐,高雄市中正路一段12號,高雄市,中正,10102,
11020,OTTIK,2,2004-04-14 00:00:00,2004-05-12 00:00:00,2004-04-16 00:00:00,2,43.3,徐文彬,新竹市竹北路8號,新竹市,竹北,50739,
11021,QUICK,3,2004-04-14 00:00:00,2004-05-12 00:00:00,2004-04-21 00:00:00,1,297.18,劉先生,台中市仁愛路二段120號,台中市,仁愛,01307,
11022,HANAR,9,2004-04-14 00:00:00,2004-05-12 00:00:00,2004-05-04 00:00:00,2,6.27,謝小姐,高雄市中正路一段12號,高雄市,中正,10608,
11023,BSBEV,1,2004-04-14 00:00:00,2004-04-28 00:00:00,2004-04-24 00:00:00,2,123.83,徐先生,台中市中港路一段78號,台中市,中港,10607,
11024,EASTC,4,2004-04-15 00:00:00,2004-05-13 00:00:00,2004-04-20 00:00:00,1,74.36,謝小姐,高雄市中正路四|段65號,高雄市,中正,10607,
11025,WARTH,6,2004-04-15 00:00:00,2004-05-13 00:00:00,2004-04-24 00:00:00,3,29.17,成先生,台中市中港路一段78號,台中市,中港,90110,
11026,FRANS,4,2004-04-15 00:00:00,2004-05-13 00:00:00,2004-04-28 00:00:00,1,47.09,成先生,台中市中港路一段78號,台中市,中港,10100,
11027,BOTTM,1,2004-04-16 00:00:00,2004-05-14 00:00:00,2004-04-20 00:00:00,1,52.52,王先生,新竹市竹北路8號,新竹市,竹北,10607,
11028,KOENE,2,2004-04-16 00:00:00,2004-05-14 00:00:00,2004-04-22 00:00:00,1,29.59,陳先生,台北市北平東路24號,台北市,北平,14776,
11029,CHOPS,4,2004-04-16 00:00:00,2004-05-14 00:00:00,2004-04-27 00:00:00,1,47.84,林小姐,屏東市中山路7號,屏東市,中山,30122,
11030,SAVEA,7,2004-04-17 00:00:00,2004-05-15 00:00:00,2004-04-27 00:00:00,2,830.75,蘇先生,新竹市竹北路8號,新竹市,竹北,83720,
11031,SAVEA,6,2004-04-17 00:00:00,2004-05-15 00:00:00,2004-04-24 00:00:00,2,227.22,蘇先生,新竹市竹北路8號,新竹市,竹北,83720,
11032,WHITC,2,2004-04-17 00:00:00,2004-05-15 00:00:00,2004-04-23 00:00:00,3,606.19,黎先生,屏東縣永大路4號,屏東縣,永大,98124,
11033,RICSU,7,2004-04-17 00:00:00,2004-05-15 00:00:00,2004-04-23 00:00:00,3,84.74,方先生,新竹市永平路一段1號,新竹市,永平,12042,
11034,OLDWO,8,2004-04-20 00:00:00,2004-06-01 00:00:00,2004-04-27 00:00:00,1,40.32,王俊元,台北市北平東路24號3樓之一,台北市,北平,99508,
11035,SUPRD,2,2004-04-20 00:00:00,2004-05-18 00:00:00,2004-04-24 00:00:00,2,0.17,劉先生,桃園縣富國路42號,桃園縣,富國,10607,
11036,DRACD,8,2004-04-20 00:00:00,2004-05-18 00:00:00,2004-04-22 00:00:00,3,149.47,方先生,台北市忠孝東路三段2號,台北市,忠孝,52066,
11037,GODOS,7,2004-04-21 00:00:00,2004-05-19 00:00:00,2004-04-27 00:00:00,1,3.2,鍾小姐,屏東市中山路7號,屏東市,中山,41101,
11038,SUPRD,1,2004-04-21 00:00:00,2004-05-19 00:00:00,2004-04-30 00:00:00,2,29.59,劉先生,桃園縣富國路42號,桃園縣,富國,10607,
11039,LINOD,1,2004-04-21 00:00:00,2004-05-19 00:00:00,,2,65,黃雅玲,台北市忠孝東路四段32號,台北市,忠孝,49802,
11040,GREAL,4,2004-04-22 00:00:00,2004-05-20 00:00:00,,3,18.84,方先生,台北市忠孝東路四段32號,台北市,忠孝,97403,
11041,CHOPS,3,2004-04-22 00:00:00,2004-05-20 00:00:00,2004-04-28 00:00:00,2,48.22,林小姐,屏東市中山路7號,屏東市,中山,30122,
11042,COMMI,2,2004-04-22 00:00:00,2004-05-06 00:00:00,2004-05-01 00:00:00,1,29.99,鍾小姐,桃園縣富國路42號,桃園縣,富國,10608,
11043,SPECD,5,2004-04-22 00:00:00,2004-05-20 00:00:00,2004-04-29 00:00:00,2,8.8,黎先生,屏東縣永大路4號,屏東縣,永大,75016,
11044,WOLZA,4,2004-04-23 00:00:00,2004-05-21 00:00:00,2004-05-01 00:00:00,1,8.72,吳小姐,桃園縣富國路42號,桃園縣,富國,10608,
11045,BOTTM,6,2004-04-23 00:00:00,2004-05-21 00:00:00,,2,70.58,王先生,新竹市竹北路8號,新竹市,竹北,10607,
11046,WANDK,8,2004-04-23 00:00:00,2004-05-21 00:00:00,2004-04-24 00:00:00,2,71.64,蘇先生,新竹市竹北路8號,新竹市,竹北,70563,
11047,EASTC,7,2004-04-24 00:00:00,2004-05-22 00:00:00,2004-05-01 00:00:00,3,46.62,謝小姐,高雄市中正路四|段65號,高雄市,中正,10607,
11048,BOTTM,7,2004-04-24 00:00:00,2004-05-22 00:00:00,2004-04-30 00:00:00,3,24.12,王先生,新竹市竹北路8號,新竹市,竹北,10607,
11049,GOURL,3,2004-04-24 00:00:00,2004-05-22 00:00:00,2004-05-04 00:00:00,1,8.34,劉先生,桃園縣富國路42號,桃園縣,富國,10608,
11050,FOLKO,8,2004-04-27 00:00:00,2004-05-25 00:00:00,2004-05-05 00:00:00,2,59.41,陳先生,台北市北平東路64號,台北市,北平,10607,
11051,LAMAI,7,2004-04-27 00:00:00,2004-05-25 00:00:00,,3,2.79,蘇先生,新竹市竹北路8號,新竹市,竹北,31000,
11052,HANAR,3,2004-04-27 00:00:00,2004-05-25 00:00:00,2004-05-01 00:00:00,1,67.26,謝小姐,高雄市中正路一段12號,高雄市,中正,10608,
11053,PICCO,2,2004-04-27 00:00:00,2004-05-25 00:00:00,2004-04-29 00:00:00,2,53.05,林麗莉,屏東縣永大路4號,屏東縣,永大,50202,
11054,CACTU,8,2004-04-28 00:00:00,2004-05-26 00:00:00,,1,0.33,李先生,南投縣南投路5號,南投縣,南投,10102,
11055,HILAA,7,2004-04-28 00:00:00,2004-05-26 00:00:00,2004-05-05 00:00:00,2,120.92,王先生,台北縣中新路11號,台北縣,中新,50222,
11056,EASTC,8,2004-04-28 00:00:00,2004-05-12 00:00:00,2004-05-01 00:00:00,2,278.96,謝小姐,高雄市中正路四|段65號,高雄市,中正,10607,
11057,NORTS,3,2004-04-29 00:00:00,2004-05-27 00:00:00,2004-05-01 00:00:00,3,4.13,劉小龍,新竹市永平路一段1號,新竹市,永平,10607,
11058,BLAUS,9,2004-04-29 00:00:00,2004-05-27 00:00:00,,3,31.14,劉先生,宜蘭市經國路55號,宜蘭市,經國,68306,
11059,RICAR,2,2004-04-29 00:00:00,2004-06-10 00:00:00,,2,85.8,周先生,宜蘭市經國路55號,宜蘭市,經國,10608,
11060,FRANS,2,2004-04-30 00:00:00,2004-05-28 00:00:00,2004-05-04 00:00:00,2,10.98,成先生,台中市中港路一段78號,台中市,中港,10100,
11061,GREAL,4,2004-04-30 00:00:00,2004-06-11 00:00:00,,3,14.01,方先生,台北市忠孝東路四段32號,台北市,忠孝,97403,
11062,REGGC,4,2004-04-30 00:00:00,2004-05-28 00:00:00,,2,29.93,徐先生,花蓮市花蓮路98號,花蓮市,花蓮,42100,
11063,HUNGO,3,2004-04-30 00:00:00,2004-05-28 00:00:00,2004-05-06 00:00:00,2,81.73,周先生,宜蘭市經國路55號,宜蘭市,經國,10609,
11064,SAVEA,1,2004-05-01 00:00:00,2004-05-29 00:00:00,2004-05-04 00:00:00,1,30.09,蘇先生,新竹市竹北路8號,新竹市,竹北,83720,
11065,LILAS,8,2004-05-01 00:00:00,2004-05-29 00:00:00,,1,12.91,陳玉美,桃園縣富國路77號,桃園縣,富國,35082,
11066,WHITC,7,2004-05-01 00:00:00,2004-05-29 00:00:00,2004-05-04 00:00:00,2,44.72,黎先生,屏東縣永大路4號,屏東縣,永大,98124,
11067,DRACD,1,2004-05-04 00:00:00,2004-05-18 00:00:00,2004-05-06 00:00:00,2,7.98,方先生,台北市忠孝東路三段2號,台北市,忠孝,52066,
11068,QUEEN,8,2004-05-04 00:00:00,2004-06-01 00:00:00,,2,81.75,方先生,台北市忠孝東路四段32號,台北市,忠孝,10608,
11069,TORTU,1,2004-05-04 00:00:00,2004-06-01 00:00:00,2004-05-06 00:00:00,2,15.67,王先生,台北縣中新路11號,台北縣,中新,05033,
11070,LEHMS,2,2004-05-05 00:00:00,2004-06-02 00:00:00,,1,136,黎先生,屏東縣永大路4號,屏東縣,永大,60528,
11071,LILAS,1,2004-05-05 00:00:00,2004-06-02 00:00:00,,1,0.93,陳玉美,桃園縣富國路77號,桃園縣,富國,35082,
11072,ERNSH,4,2004-05-05 00:00:00,2004-06-02 00:00:00,,2,258.64,王先生,台北縣北新路11號,台北縣,北新,80102,
11073,PERIC,2,2004-05-05 00:00:00,2004-06-02 00:00:00,,2,24.95,林慧音,南投縣南投路5號,南投縣,南投,05033,
11074,SIMOB,7,2004-05-06 00:00:00,2004-06-03 00:00:00,,2,18.44,何先生,南投縣南投路5號,南投縣,南投,17342,
11075,RICSU,8,2004-05-06 00:00:00,2004-06-03 00:00:00,,2,6.19,方先生,新竹市永平路一段1號,新竹市,永平,12042,
11076,BONAP,4,2004-05-06 00:00:00,2004-06-03 00:00:00,,2,38.28,謝小姐,台北市北平東路24號3樓之一,台北市,北平,13008,
11077,RATTC,1,2004-05-06 00:00:00,2004-06-03 00:00:00,,2,8.53,王先生,台北縣中新路11號,台北縣,中新,87110,
