{
  "version": "1.0",
  "name": "Default",
  "interface": {
    "primary": "#ffffff",
    "primaryAlt": "#ffffff",
    "primaryAlt2": "#ffffff",
    "primaryAlt3": "#ffffff",
    "primaryAlt4": "#ffffff",
    "primaryContrast": "#ffffff",
    "secondary": "#ffffff",
    "secondaryAlt": "#ffffff",
    "secondaryAlt2": "#ffffff",
    "secondaryAlt3": "#ffffff",
    "secondaryContrast": "#ffffff",
    "neutralPrimary": "#ffffff",
    "neutralPrimaryAlt": "#ffffff",
    "neutralPrimaryAlt2": "#ffffff",
    "neutralPrimaryAlt3": "#ffffff",
    "neutralPrimaryContrast": "#ffffff",
    "neutralSecondary": "#ffffff",
    "neutralSecondaryAlt": "#ffffff",
    "neutralSecondaryAlt2": "#ffffff",
    "neutralSecondaryAlt3": "#ffffff",
    "neutralSecondaryContrast": "#ffffff",
    "neutralTertiary": "#ffffff",
    "neutralTertiaryAlt": "#ffffff",
    "neutralTertiaryAlt2": "#ffffff",
    "neutralTertiaryAlt3": "#ffffff",
    "neutralTertiaryContrast": "#ffffff",
    "danger": "#ffffff",
    "success": "#ffffff",
    "warning": "#ffffff",
    "info": "#ffffff",
    "dangerContrast": "#ffffff",
    "successContrast": "#ffffff",
    "warningContrast": "#ffffff",
    "infoContrast": "#ffffff",
    "kpiGood": "#ffffff",
    "kpiBad": "#ffffff",
    "kpiNeutral": "#ffffff",
    "kpiNone": "#ffffff",
    "kpiGoodContrast": "#ffffff",
    "kpiBadContrast": "#ffffff",
    "kpiNeutralContrast": "#ffffff",
    "kpiNoneContrast": "#ffffff"
  },
  "theme": {
    "dataPoints": [
      "#01b8aa",
      "#374649",
      "#fd625e",
      "#f2c80f",
      "#5f6b6d",
      "#8ad4eb",
      "#fe9666",
      "#a66999",
      "#3599b8",
      "#dfbfbf",
      "#4ac5bb",
      "#5f6b6d"
    ],
    "good": "#3bb44a",
    "bad": "#e92031",
    "neutral": "#ddb53b",
    "none": "#7f7f7f",
    "background": "#eaeaea",
    "foreground": "#000000",
    "mapBase": "#01b8aa",
    "panelBackground": "#ffffff",
    "panelForeground": "#212121",
    "panelAccent": "#888888",
    "tableAccent": "#888888",
    "altBackground": "#eaeaea",
    "altForeground": "#ffffff",
    "altMapBase": "#01b8aa",
    "altPanelBackground": "#212121",
    "altPanelForeground": "#ffffff",
    "altPanelAccent": "#888888",
    "altTableAccent": "#888888"
  }
}